X.Phenotype.,SGN,subpopulation
Si_102_Si_102,140.67,yq
Si_105_Si_105,99.33,yy
Si_106_Si_106,93,yy
Si_108_Si_108,93.33,xx
Si_109_Si_109,133,zz
Si_113_Si_113,94,yy
Si_127_Si_127,24,zz
Si_129_Si_129,130.67,xx
Si_132_Si_132,25.33,zz
Si_134_Si_134,96.67,yq
Si_137_Si_137,60.33,zz
Si_139_Si_139,105,xx
Si_141_Si_141,38.67,yy
Si_143_Si_143,116.33,zz
Si_150_Si_150,90.33,xx
Si_151_Si_151,119.33,xx
Si_153_Si_153,92,yy
Si_156_Si_156,119.33,zz
Si_157_Si_157,103.67,xx
Si_162_Si_162,95.67,yq
Si_163_Si_163,54.67,yq
Si_166_Si_166,75.67,yy
Si_180_Si_180,113,yy
Si_181_Si_181,77.67,xx
Si_182_Si_182,101,zz
Si_183_Si_183,63.67,yy
Si_186_Si_186,76,zz
Si_189_Si_189,104.33,xx
Si_195_Si_195,88,zz
Si_197_Si_197,106.33,yq
Si_198_Si_198,95,zz
Si_200_Si_200,60.33,xx
Si_203_Si_203,123.33,yy
Si_204_Si_204,81.67,zz
Si_205_Si_205,106.67,xx
Si_206_Si_206,77,xx
Si_207_Si_207,98.67,yy
Si_208_Si_208,100.33,zz
Si_209_Si_209,81.33,xx
Si_210_Si_210,147.67,yq
Si_211_Si_211,45.33,yq
Si_212_Si_212,77.67,yy
Si_213_Si_213,85,yy
Si_214_Si_214,164,xx
Si_215_Si_215,135.33,zz
Si_217_Si_217,91,yy
Si_218_Si_218,78,zz
Si_219_Si_219,126,xx
Si_220_Si_220,75,zz
Si_223_Si_223,153.33,yq
Si_225_Si_225,117.33,zz
Si_226_Si_226,104,xx
Si_228_Si_228,109,yy
Si_231_Si_231,66.5,zz
Si_234_Si_234,104.33,xx
Si_236_Si_236,112.33,xx
Si_239_Si_239,82.67,yy
Si_240_Si_240,127,zz
Si_242_Si_242,128,xx
Si_245_Si_245,68,yq
Si_246_Si_246,137.67,yq
Si_248_Si_248,121.67,yy
Si_249_Si_249,95.33,yy
Si_251_Si_251,72.33,xx
Si_252_Si_252,137.33,zz
Si_253_Si_253,100.67,yy
Si_254_Si_254,107,zz
Si_255_Si_255,103,xx
Si_256_Si_256,103.33,zz
Si_257_Si_257,137.33,yq
Si_259_Si_259,98.67,zz
Si_260_Si_260,85.33,xx
Si_262_Si_262,92.33,yy
Si_263_Si_263,83.67,zz
Si_264_Si_264,90.67,xx
Si_269_Si_269,104.67,xx
YL_10_YL_10,39.67,yy
YL_100_YL_100,132.67,zz
YL_1004_YL_1004,90.33,xx
YL_1005_YL_1005,92.67,yq
YL_1009_YL_1009,135,yq
YL_1013_YL_1013,93.67,yy
YL_1016_YL_1016,92.67,yy
YL_1018_YL_1018,66.67,xx
YL_1019_YL_1019,100.33,zz
YL_102_YL_102,71.67,yy
YL_1020_YL_1020,85.67,zz
YL_1021_YL_1021,68.33,xx
YL_1034_YL_1034,104,zz
YL_1035_YL_1035,96.67,yq
YL_1036_YL_1036,109.33,zz
YL_1037_YL_1037,121.33,xx
YL_1038_YL_1038,112.33,yy
YL_104_YL_104,83.67,zz
YL_1044_YL_1044,192,xx
YL_1045_YL_1045,119,xx
YL_1046_YL_1046,105,yy
YL_1047_YL_1047,109.67,zz
YL_105_YL_105,57.67,xx
YL_1050_YL_1050,127.33,yq
YL_1052_YL_1052,80.33,yq
YL_1056_YL_1056,71.33,yy
YL_1057_YL_1057,78.33,yy
YL_106_YL_106,57.67,xx
YL_1062_YL_1062,77,zz
YL_1070_YL_1070,35.33,yy
YL_1071_YL_1071,81,zz
YL_1072_YL_1072,78,xx
YL_1073_YL_1073,63.67,zz
YL_1075_YL_1075,95,yq
YL_1076_YL_1076,96,zz
YL_1077_YL_1077,78,xx
YL_1078_YL_1078,91.67,yy
YL_108_YL_108,88.33,zz
YL_1080_YL_1080,128,xx
YL_1082_YL_1082,106.67,xx
YL_1084_YL_1084,88.33,yy
YL_1086_YL_1086,83.67,zz
YL_1088_YL_1088,129.67,xx
YL_1090_YL_1090,110.67,yq
YL_1096_YL_1096,63.67,zz
YL_1098_YL_1098,69.33,yq
YL_11_YL_11,97.33,zz
YL_1100_YL_1100,104,xx
YL_1101_YL_1101,77,zz
YL_1104_YL_1104,78.67,yq
YL_1106_YL_1106,94.33,yy
YL_1107_YL_1107,57.33,yy
YL_1108_YL_1108,35.33,xx
YL_1109_YL_1109,68,zz
YL_111_YL_111,52,yy
YL_1112_YL_1112,79.67,zz
YL_1114_YL_1114,51.33,xx
YL_1115_YL_1115,62,zz
YL_1116_YL_1116,78,yq
YL_1117_YL_1117,45,zz
YL_1119_YL_1119,116,xx
YL_1120_YL_1120,65.33,yy
YL_1122_YL_1122,84.33,zz
YL_1123_YL_1123,79,xx
YL_1127_YL_1127,59,xx
YL_1128_YL_1128,43.33,yy
YL_1129_YL_1129,29.67,zz
YL_1130_YL_1130,79.33,xx
YL_1131_YL_1131,51.33,yq
YL_1132_YL_1132,49,yq
YL_1133_YL_1133,73,yy
YL_1135_YL_1135,32.67,yy
YL_1136_YL_1136,65.67,xx
YL_1137_YL_1137,50.67,zz
YL_1140_YL_1140,32.33,yy
YL_1141_YL_1141,36.67,zz
YL_1143_YL_1143,45.33,xx
YL_1146_YL_1146,39.33,zz
YL_1147_YL_1147,45,yq
YL_1149_YL_1149,44,zz
YL_1150_YL_1150,46.67,xx
YL_1153_YL_1153,111,yy
YL_1154_YL_1154,81,zz
YL_1155_YL_1155,150.33,xx
YL_1156_YL_1156,43.67,xx
YL_1157_YL_1157,30,yy
YL_116_YL_116,115.33,zz
YL_1160_YL_1160,90,xx
YL_1163_YL_1163,64,yq
YL_1164_YL_1164,50.33,yq
YL_1166_YL_1166,83.67,yy
YL_1167_YL_1167,95,yy
YL_1169_YL_1169,57.67,xx
YL_117_YL_117,50.67,zz
YL_1170_YL_1170,34,yy
YL_1171_YL_1171,54,zz
YL_1173_YL_1173,108.67,xx
YL_1174_YL_1174,75.33,zz
YL_1175_YL_1175,79.33,yq
YL_1176_YL_1176,84,zz
YL_1177_YL_1177,82,xx
YL_1179_YL_1179,96,yy
YL_1181_YL_1181,97.67,zz
YL_1183_YL_1183,62.33,xx
YL_1185_YL_1185,39.33,xx
YL_1186_YL_1186,77.33,yy
YL_1187_YL_1187,113.33,zz
YL_1188_YL_1188,75.67,xx
YL_1192_YL_1192,53.33,yq
YL_1194_YL_1194,94.67,yq
YL_1197_YL_1197,97.67,yy
YL_12_YL_12,56.33,yy
YL_1200_YL_1200,56,xx
YL_1201_YL_1201,78.33,zz
YL_1203_YL_1203,65.67,yy
YL_1204_YL_1204,106.33,zz
YL_1205_YL_1205,40,xx
YL_1206_YL_1206,73.67,zz
YL_1207_YL_1207,105.33,yq
YL_1208_YL_1208,92.67,zz
YL_1209_YL_1209,48.67,xx
YL_121_YL_121,109.67,yy
YL_1211_YL_1211,57,zz
YL_1212_YL_1212,75.33,xx
YL_1214_YL_1214,56.33,xx
YL_1215_YL_1215,133,yy
YL_1216_YL_1216,22,zz
YL_1217_YL_1217,52.67,xx
YL_1218_YL_1218,24,yq
YL_1219_YL_1219,93,yq
YL_1220_YL_1220,21.67,yy
YL_1221_YL_1221,82.33,yy
YL_1224_YL_1224,103,xx
YL_1228_YL_1228,44.33,zz
YL_1230_YL_1230,47.67,yy
YL_1234_YL_1234,64.33,zz
YL_1235_YL_1235,61,xx
YL_1237_YL_1237,54.33,zz
YL_1238_YL_1238,67,yq
YL_1239_YL_1239,56.67,zz
YL_124_YL_124,106,xx
YL_1240_YL_1240,33.67,yy
YL_1241_YL_1241,103,zz
YL_1243_YL_1243,129,xx
YL_1245_YL_1245,62,xx
YL_1246_YL_1246,83.67,yy
YL_1247_YL_1247,69.67,zz
YL_125_YL_125,49,xx
YL_1254_YL_1254,117.67,yq
YL_1257_YL_1257,95.33,yq
YL_1262_YL_1262,73.67,yy
YL_1264_YL_1264,140.67,yy
YL_1265_YL_1265,140.67,xx
YL_127_YL_127,63,zz
YL_1275_YL_1275,110.67,yy
YL_1276_YL_1276,84,zz
YL_1277_YL_1277,111.67,xx
YL_1278_YL_1278,66.67,zz
YL_1279_YL_1279,110.33,yq
YL_1280_YL_1280,113.67,zz
YL_1281_YL_1281,56.67,xx
YL_1282_YL_1282,73,yy
YL_1283_YL_1283,79,zz
YL_1284_YL_1284,50.67,xx
YL_1287_YL_1287,123.67,xx
YL_1288_YL_1288,106.33,yy
YL_1289_YL_1289,53,zz
YL_129_YL_129,77.33,xx
YL_1292_YL_1292,74.67,yq
YL_1293_YL_1293,85.67,zz
YL_1294_YL_1294,126.33,yq
YL_1295_YL_1295,58.67,zz
YL_1296_YL_1296,93,xx
YL_1298_YL_1298,77,zz
YL_1299_YL_1299,128,yq
YL_1300_YL_1300,74.67,yy
YL_1301_YL_1301,65.5,yy
YL_1302_YL_1302,124.33,xx
YL_1303_YL_1303,103.67,zz
YL_1304_YL_1304,96.33,yy
YL_1306_YL_1306,51.33,zz
YL_1309_YL_1309,65.67,xx
YL_131_YL_131,78.33,zz
YL_1311_YL_1311,110.67,yq
YL_1312_YL_1312,131.33,zz
YL_1314_YL_1314,119.33,xx
YL_1315_YL_1315,121.33,yy
YL_1316_YL_1316,124.33,zz
YL_1318_YL_1318,79.67,xx
YL_1319_YL_1319,101.67,xx
YL_1321_YL_1321,81.67,yy
YL_1323_YL_1323,129.67,zz
YL_1325_YL_1325,62,xx
YL_1326_YL_1326,95.33,yq
YL_1327_YL_1327,105.67,yq
YL_1328_YL_1328,102.33,yy
YL_133_YL_133,103,yy
YL_1331_YL_1331,60,xx
YL_1332_YL_1332,104.33,zz
YL_1334_YL_1334,74.67,yy
YL_1335_YL_1335,110.33,zz
YL_1336_YL_1336,87,xx
YL_1337_YL_1337,103.33,zz
YL_1339_YL_1339,90,yq
YL_134_YL_134,94,zz
YL_1340_YL_1340,117.33,xx
YL_1343_YL_1343,100,yy
YL_1344_YL_1344,94,zz
YL_1345_YL_1345,76,xx
YL_1346_YL_1346,79.67,xx
YL_1347_YL_1347,93,yy
YL_1348_YL_1348,119.67,zz
YL_1349_YL_1349,82.67,xx
YL_1352_YL_1352,110.33,yq
YL_1353_YL_1353,81,yq
YL_1355_YL_1355,72.67,yy
YL_1356_YL_1356,130.67,yy
YL_1358_YL_1358,85,xx
YL_1359_YL_1359,116.33,zz
YL_136_YL_136,75.67,yy
YL_1360_YL_1360,96.33,zz
YL_1361_YL_1361,98.33,xx
YL_1362_YL_1362,82.33,zz
YL_1363_YL_1363,86,yq
YL_1364_YL_1364,143.67,zz
YL_1365_YL_1365,106.33,xx
YL_1367_YL_1367,153.33,yy
YL_1369_YL_1369,102.33,zz
YL_1370_YL_1370,73.33,xx
YL_1371_YL_1371,89.67,xx
YL_1373_YL_1373,115,yy
YL_1374_YL_1374,84.33,zz
YL_1376_YL_1376,65.67,xx
YL_1377_YL_1377,123.67,yq
YL_1378_YL_1378,136.33,yq
YL_1379_YL_1379,93.33,yy
YL_138_YL_138,80.67,yy
YL_1381_YL_1381,116,xx
YL_1382_YL_1382,78.67,zz
YL_1383_YL_1383,129,yy
YL_1384_YL_1384,143.67,zz
YL_1386_YL_1386,131.67,xx
YL_1387_YL_1387,113,zz
YL_1388_YL_1388,113.33,yq
YL_1389_YL_1389,131,zz
YL_1390_YL_1390,137.33,xx
YL_1391_YL_1391,107.33,yy
YL_1392_YL_1392,95,zz
YL_1393_YL_1393,126.33,xx
YL_1394_YL_1394,95,xx
YL_1397_YL_1397,40,yy
YL_1398_YL_1398,69,zz
YL_1399_YL_1399,106,xx
YL_140_YL_140,63.67,yq
YL_1400_YL_1400,52,yq
YL_1404_YL_1404,87.33,yy
YL_1405_YL_1405,91,yy
YL_1406_YL_1406,105.33,xx
YL_1407_YL_1407,94.33,zz
YL_1411_YL_1411,149,yy
YL_1415_YL_1415,86.67,zz
YL_1416_YL_1416,102,xx
YL_1417_YL_1417,72,zz
YL_1418_YL_1418,103.33,yq
YL_1419_YL_1419,141.33,zz
YL_1420_YL_1420,79,xx
YL_1422_YL_1422,131.67,yy
YL_1423_YL_1423,105.67,zz
YL_1424_YL_1424,96.33,xx
YL_1426_YL_1426,85,xx
YL_1427_YL_1427,112.33,yy
YL_1430_YL_1430,75.67,zz
YL_1431_YL_1431,53.67,xx
YL_1432_YL_1432,46.67,yq
YL_1433_YL_1433,75,yq
YL_1434_YL_1434,140.33,yy
YL_1435_YL_1435,86.67,yy
YL_1436_YL_1436,131.33,xx
YL_1437_YL_1437,77.33,zz
YL_1438_YL_1438,65,yy
YL_144_YL_144,81,zz
YL_1440_YL_1440,127,xx
YL_1442_YL_1442,82,zz
YL_1444_YL_1444,78,yq
YL_1445_YL_1445,52.67,zz
YL_1446_YL_1446,119.33,xx
YL_1447_YL_1447,68.67,yy
YL_1449_YL_1449,90,zz
YL_145_YL_145,74.67,xx
YL_1450_YL_1450,84.33,xx
YL_1451_YL_1451,61,yy
YL_1452_YL_1452,114,zz
YL_1453_YL_1453,94.67,xx
YL_1455_YL_1455,103.67,yq
YL_1456_YL_1456,84,zz
YL_1457_YL_1457,111.33,yq
YL_1459_YL_1459,96.33,zz
YL_1460_YL_1460,50,xx
YL_1461_YL_1461,70.67,zz
YL_1462_YL_1462,98,yq
YL_1463_YL_1463,136.33,yy
YL_1464_YL_1464,100,yy
YL_1465_YL_1465,143.67,xx
YL_1466_YL_1466,106.33,zz
YL_1467_YL_1467,140.67,yy
YL_1468_YL_1468,93,zz
YL_1469_YL_1469,104,xx
YL_147_YL_147,101.67,zz
YL_1470_YL_1470,154.67,yq
YL_1471_YL_1471,75.33,zz
YL_1473_YL_1473,89.33,xx
YL_1474_YL_1474,82.67,yy
YL_1475_YL_1475,145.33,zz
YL_1476_YL_1476,79.33,xx
YL_1477_YL_1477,130,xx
YL_1478_YL_1478,104.67,yy
YL_1479_YL_1479,85.67,zz
YL_1480_YL_1480,117,xx
YL_1483_YL_1483,128.33,yq
YL_1486_YL_1486,100.33,yq
YL_1489_YL_1489,26.33,yy
YL_1490_YL_1490,170.67,yy
YL_1491_YL_1491,180,xx
YL_1492_YL_1492,115.67,zz
YL_1493_YL_1493,94.67,yy
YL_1495_YL_1495,135.33,zz
YL_15_YL_15,126,xx
YL_151_YL_151,77.67,zz
YL_152_YL_152,74,yq
YL_153_YL_153,48,zz
YL_156_YL_156,124.33,xx
YL_1575_YL_1575,74.33,yy
YL_1578_YL_1578,88.33,zz
YL_1580_YL_1580,136.33,xx
YL_1581_YL_1581,78,xx
YL_1582_YL_1582,109,yy
YL_1584_YL_1584,91,zz
YL_1587_YL_1587,138.33,xx
YL_1589_YL_1589,97,yq
YL_16_YL_16,47.33,yq
YL_160_YL_160,107.33,yy
YL_1600_YL_1600,92.33,yy
YL_1603_YL_1603,80,xx
YL_1604_YL_1604,96,zz
YL_1605_YL_1605,68.33,yy
YL_1606_YL_1606,123,zz
YL_1607_YL_1607,118.33,xx
YL_161_YL_161,39,zz
YL_1612_YL_1612,73,yq
YL_1615_YL_1615,122,zz
YL_1616_YL_1616,134,xx
YL_1618_YL_1618,71,yy
YL_162_YL_162,124,zz
YL_1620_YL_1620,107.67,xx
YL_1621_YL_1621,128.33,xx
YL_1624_YL_1624,125,yy
YL_1631_YL_1631,57.33,zz
YL_1633_YL_1633,49.67,xx
YL_1634_YL_1634,106.67,yq
YL_164_YL_164,122.33,yq
YL_165_YL_165,98.33,yy
YL_166_YL_166,146.33,yy
YL_167_YL_167,100.33,xx
YL_168_YL_168,86,zz
YL_169_YL_169,98,yy
YL_17_YL_17,70.67,zz
YL_170_YL_170,85.33,xx
YL_172_YL_172,118,zz
YL_173_YL_173,141.67,yq
YL_175_YL_175,113.67,zz
YL_176_YL_176,165.67,xx
YL_178_YL_178,120.67,yy
YL_18_YL_18,47.33,zz
YL_180_YL_180,94.67,xx
YL_181_YL_181,64.33,xx
YL_185_YL_185,111.67,yy
YL_19_YL_19,96.33,zz
YL_193_YL_193,153.67,xx
YL_195_YL_195,105,yq
YL_196_YL_196,120.33,yq
YL_197_YL_197,101.33,yy
YL_199_YL_199,86,yy
YL_20_YL_20,120,xx
YL_202_YL_202,86,zz
YL_208_YL_208,105,yy
YL_21_YL_21,102,zz
YL_210_YL_210,29.33,xx
YL_211_YL_211,70,zz
YL_214_YL_214,55.67,yq
YL_215_YL_215,59,zz
YL_217_YL_217,161,xx
YL_219_YL_219,119.33,yy
YL_223_YL_223,168.33,zz
YL_225_YL_225,17,xx
YL_23_YL_23,59.33,xx
YL_230_YL_230,65,yy
YL_231_YL_231,87.5,zz
YL_234_YL_234,46.67,xx
YL_236_YL_236,45,yq
YL_238_YL_238,100,yq
YL_239_YL_239,91,yy
YL_24_YL_24,123,yy
YL_241_YL_241,74,xx
YL_242_YL_242,143,zz
YL_245_YL_245,138.33,yy
YL_247_YL_247,97.5,zz
YL_249_YL_249,69.67,xx
YL_25_YL_25,99,zz
YL_250_YL_250,78.33,yq
YL_251_YL_251,120.67,zz
YL_252_YL_252,112.67,xx
YL_253_YL_253,108.67,yy
YL_254_YL_254,88.67,zz
YL_255_YL_255,71,xx
YL_258_YL_258,64.33,xx
YL_259_YL_259,68.33,yy
YL_26_YL_26,59.33,zz
YL_260_YL_260,60.67,xx
YL_262_YL_262,87,yq
YL_263_YL_263,72,zz
YL_265_YL_265,67,yq
YL_266_YL_266,72.67,zz
YL_268_YL_268,101,xx
YL_273_YL_273,84.33,zz
YL_274_YL_274,85.33,yq
YL_275_YL_275,57.33,yy
YL_276_YL_276,84.67,yy
YL_28_YL_28,57,xx
YL_280_YL_280,96.33,zz
YL_281_YL_281,30.67,yy
YL_283_YL_283,85.67,zz
YL_287_YL_287,66,xx
YL_289_YL_289,74,zz
YL_29_YL_29,70.33,yq
YL_290_YL_290,113.33,zz
YL_291_YL_291,117,xx
YL_293_YL_293,53.67,yy
YL_294_YL_294,58.33,zz
YL_299_YL_299,87.5,xx
YL_3_YL_3,48.67,xx
YL_30_YL_30,86.67,yy
YL_305_YL_305,86,zz
YL_306_YL_306,100,xx
YL_307_YL_307,47,yq
YL_31_YL_31,57.33,yq
YL_310_YL_310,29.67,yy
YL_315_YL_315,94,yy
YL_316_YL_316,50,xx
YL_317_YL_317,47,zz
YL_318_YL_318,47.5,yy
YL_319_YL_319,36.5,zz
YL_32_YL_32,77,xx
YL_320_YL_320,21,zz
YL_321_YL_321,52.33,yq
YL_323_YL_323,47.33,zz
YL_324_YL_324,92,xx
YL_325_YL_325,82,yy
YL_33_YL_33,108,zz
YL_330_YL_330,81.33,xx
YL_34_YL_34,96.67,xx
YL_342_YL_342,22,yy
YL_345_YL_345,117,zz
YL_346_YL_346,71.67,xx
YL_347_YL_347,97.5,yq
YL_348_YL_348,59.67,yq
YL_349_YL_349,25,yy
YL_35_YL_35,61.33,yy
YL_350_YL_350,64.67,xx
YL_351_YL_351,85,zz
YL_352_YL_352,119.33,yy
YL_353_YL_353,100,zz
YL_354_YL_354,110,xx
YL_355_YL_355,45.33,zz
YL_356_YL_356,156,yq
YL_357_YL_357,33,zz
YL_358_YL_358,79.67,xx
YL_359_YL_359,27,yy
YL_36_YL_36,77.67,zz
YL_366_YL_366,68,xx
YL_367_YL_367,104.33,xx
YL_37_YL_37,93,yy
YL_370_YL_370,36.67,zz
YL_371_YL_371,91.67,xx
YL_373_YL_373,92.67,yq
YL_377_YL_377,37,yq
YL_380_YL_380,18,yy
YL_384_YL_384,39,yy
YL_385_YL_385,69,xx
YL_387_YL_387,40,zz
YL_39_YL_39,108.67,yy
YL_4_YL_4,97.67,zz
YL_403_YL_403,128,xx
YL_405_YL_405,78.67,zz
YL_408_YL_408,27,yq
YL_411_YL_411,207.67,zz
YL_412_YL_412,129,xx
YL_413_YL_413,40,yy
YL_415_YL_415,87.67,zz
YL_416_YL_416,117.33,xx
YL_417_YL_417,85.67,xx
YL_418_YL_418,66,yy
YL_419_YL_419,105.33,zz
YL_420_YL_420,38.67,xx
YL_422_YL_422,86.67,yq
YL_424_YL_424,102.67,yq
YL_426_YL_426,82.67,yy
YL_427_YL_427,91.5,yy
YL_428_YL_428,84.67,xx
YL_43_YL_43,130.67,zz
YL_430_YL_430,59,yy
YL_432_YL_432,25.67,zz
YL_435_YL_435,45.67,xx
YL_437_YL_437,122.33,zz
YL_443_YL_443,53,yq
YL_444_YL_444,55,zz
YL_445_YL_445,64,xx
YL_446_YL_446,44.33,yy
YL_447_YL_447,95,zz
YL_448_YL_448,64,xx
YL_449_YL_449,49.67,xx
YL_450_YL_450,65,yy
YL_451_YL_451,55.67,zz
YL_452_YL_452,81.67,xx
YL_454_YL_454,80,yq
YL_455_YL_455,32.67,yq
YL_456_YL_456,48.67,yy
YL_459_YL_459,106.33,yy
YL_46_YL_46,102,xx
YL_460_YL_460,86.67,zz
YL_461_YL_461,102.67,yy
YL_463_YL_463,113.33,zz
YL_464_YL_464,81,xx
YL_467_YL_467,98.67,zz
YL_47_YL_47,132.67,yq
YL_474_YL_474,38,zz
YL_475_YL_475,78,xx
YL_481_YL_481,78.33,yy
YL_485_YL_485,94.33,zz
YL_487_YL_487,48.5,xx
YL_488_YL_488,41,xx
YL_489_YL_489,67,yy
YL_494_YL_494,71,zz
YL_495_YL_495,40,xx
YL_497_YL_497,68,yq
YL_498_YL_498,59,zz
YL_500_YL_500,44,yq
YL_501_YL_501,85.33,zz
YL_505_YL_505,40.33,xx
YL_506_YL_506,58,zz
YL_507_YL_507,72,yq
YL_512_YL_512,66,yy
YL_520_YL_520,48.33,yy
YL_521_YL_521,46.33,xx
YL_523_YL_523,77.33,zz
YL_524_YL_524,67,yy
YL_530_YL_530,45,zz
YL_531_YL_531,98,xx
YL_538_YL_538,125.67,zz
YL_54_YL_54,87.33,yq
YL_540_YL_540,70,zz
YL_542_YL_542,65.67,xx
YL_545_YL_545,114.67,yy
YL_547_YL_547,82.67,zz
YL_548_YL_548,73.67,xx
YL_550_YL_550,69,xx
YL_551_YL_551,48.67,yy
YL_552_YL_552,61.67,zz
YL_554_YL_554,30.67,xx
YL_558_YL_558,60,yq
YL_56_YL_56,75,yq
YL_560_YL_560,77.67,yy
YL_561_YL_561,66,yy
YL_563_YL_563,45,xx
YL_568_YL_568,74.67,zz
YL_569_YL_569,62.67,yy
YL_57_YL_57,80.33,zz
YL_570_YL_570,78.67,xx
YL_571_YL_571,74.67,zz
YL_572_YL_572,73,yq
YL_573_YL_573,67.33,zz
YL_575_YL_575,62.33,xx
YL_58_YL_58,116,yy
YL_580_YL_580,65.67,zz
YL_582_YL_582,40.67,xx
YL_587_YL_587,51,xx
YL_588_YL_588,65.67,yy
YL_59_YL_59,119,zz
YL_593_YL_593,30,xx
YL_597_YL_597,52.33,yq
YL_60_YL_60,115,yq
YL_601_YL_601,98.33,yy
YL_604_YL_604,63,yy
YL_605_YL_605,79.67,xx
YL_606_YL_606,46.67,zz
YL_61_YL_61,95.67,yy
YL_616_YL_616,75.67,zz
YL_62_YL_62,129.67,xx
YL_625_YL_625,58,zz
YL_627_YL_627,70,yq
YL_628_YL_628,86.67,zz
YL_630_YL_630,100.33,xx
YL_633_YL_633,52.33,yy
YL_634_YL_634,36.67,zz
YL_639_YL_639,77.33,xx
YL_64_YL_64,115,xx
YL_640_YL_640,64.67,yy
YL_641_YL_641,38.5,zz
YL_642_YL_642,61.67,xx
YL_645_YL_645,80,yq
YL_650_YL_650,71,yq
YL_651_YL_651,41.67,yy
YL_653_YL_653,70.67,yy
YL_656_YL_656,86.33,xx
YL_657_YL_657,57,zz
YL_659_YL_659,32,yy
YL_66_YL_66,115.33,zz
YL_660_YL_660,65.67,xx
YL_664_YL_664,57,zz
YL_67_YL_67,59.33,yq
YL_670_YL_670,128,zz
YL_671_YL_671,103.33,xx
YL_673_YL_673,102,yy
YL_674_YL_674,53.67,zz
YL_678_YL_678,88,xx
YL_679_YL_679,30,xx
YL_68_YL_68,67,yy
YL_680_YL_680,78.5,zz
YL_682_YL_682,66.67,xx
YL_683_YL_683,77.33,yq
YL_684_YL_684,68,yq
YL_685_YL_685,52.33,yy
YL_686_YL_686,54.33,yy
YL_687_YL_687,108.33,xx
YL_688_YL_688,54.67,zz
YL_69_YL_69,101.67,yy
YL_690_YL_690,94.67,zz
YL_691_YL_691,59,xx
YL_694_YL_694,75.67,zz
YL_699_YL_699,90,yq
YL_70_YL_70,59.33,zz
YL_700_YL_700,53,xx
YL_701_YL_701,62.33,yy
YL_702_YL_702,68.33,zz
YL_703_YL_703,56.33,xx
YL_704_YL_704,46.33,xx
YL_706_YL_706,76.33,yy
YL_707_YL_707,68.67,zz
YL_709_YL_709,67.67,xx
YL_710_YL_710,54,yq
YL_711_YL_711,38.67,yq
YL_712_YL_712,90.33,yy
YL_713_YL_713,44,yy
YL_719_YL_719,52.67,xx
YL_72_YL_72,65,zz
YL_720_YL_720,57,yy
YL_732_YL_732,42,zz
YL_733_YL_733,103.33,xx
YL_734_YL_734,34.67,zz
YL_735_YL_735,33.67,yq
YL_737_YL_737,60,zz
YL_738_YL_738,94,xx
YL_739_YL_739,77,yy
YL_74_YL_74,99,zz
YL_740_YL_740,62.67,xx
YL_741_YL_741,76.33,xx
YL_743_YL_743,128.67,yy
YL_744_YL_744,103.67,zz
YL_746_YL_746,25.67,xx
YL_748_YL_748,44.33,yq
YL_749_YL_749,71.67,zz
YL_75_YL_75,55.67,yq
YL_753_YL_753,32.67,zz
YL_793_YL_793,85.33,xx
YL_80_YL_80,86,zz
YL_81_YL_81,165,yq
YL_813_YL_813,26.67,yy
YL_814_YL_814,49,yy
YL_819_YL_819,31.67,xx
YL_82_YL_82,117,zz
YL_821_YL_821,91.67,yy
YL_823_YL_823,75.33,zz
YL_83_YL_83,102.67,xx
YL_836_YL_836,50.33,zz
YL_837_YL_837,54,yq
YL_838_YL_838,38.33,zz
YL_849_YL_849,77,xx
YL_85_YL_85,105,yy
YL_86_YL_86,114,zz
YL_862_YL_862,28.67,xx
YL_864_YL_864,51.67,xx
YL_865_YL_865,92.33,yy
YL_866_YL_866,60,zz
YL_868_YL_868,23.67,xx
YL_87_YL_87,71.33,yq
YL_871_YL_871,74.33,yq
YL_874_YL_874,74.67,yy
YL_876_YL_876,107.67,yy
YL_877_YL_877,64,xx
YL_88_YL_88,94.67,zz
YL_886_YL_886,43,yy
YL_887_YL_887,126,zz
YL_888_YL_888,76.33,xx
YL_889_YL_889,174.67,zz
YL_89_YL_89,91.33,yq
YL_891_YL_891,74.33,zz
YL_892_YL_892,141,xx
YL_894_YL_894,99.33,yy
YL_895_YL_895,125,zz
YL_896_YL_896,39,xx
YL_897_YL_897,107,xx
YL_90_YL_90,77,yy
YL_903_YL_903,63.33,zz
YL_905_YL_905,69.33,xx
YL_906_YL_906,111.33,yq
YL_91_YL_91,85.33,yq
YL_911_YL_911,47.67,yy
YL_912_YL_912,99.67,yy
YL_913_YL_913,89.67,xx
YL_914_YL_914,72.67,zz
YL_916_YL_916,148.33,yy
YL_92_YL_92,24.67,zz
YL_923_YL_923,62.33,xx
YL_93_YL_93,75,zz
YL_931_YL_931,125.67,yq
YL_935_YL_935,53.33,zz
YL_936_YL_936,45.33,xx
YL_94_YL_94,83.67,yy
YL_943_YL_943,52,zz
YL_945_YL_945,80.33,xx
YL_946_YL_946,95,xx
YL_947_YL_947,92.67,yy
YL_95_YL_95,131.33,zz
YL_953_YL_953,102.33,xx
YL_96_YL_96,117.33,yq
YL_965_YL_965,48.33,yq
YL_967_YL_967,62.67,yy
YL_968_YL_968,95.33,yy
YL_969_YL_969,101,xx
YL_97_YL_97,67,zz
YL_975_YL_975,55,yy
YL_977_YL_977,53.33,zz
YL_978_YL_978,110.67,xx
YL_982_YL_982,96,zz
YL_983_YL_983,59.67,yq
YL_986_YL_986,84.67,zz
YL_988_YL_988,86.33,xx
YL_989_YL_989,86.67,yy
YL_990_YL_990,93.33,zz
YL_991_YL_991,100.33,xx
YL_992_YL_992,129,xx
YL_995_YL_995,122.67,yy
