"","27557628"
"B001","G"
"B002","N"
"B003","G"
"B004","G"
"B005","G"
"B006","G"
"B007","A"
"B008","G"
"B009","A"
"B010","A/G"
"B011","G"
"B012","A"
"B013","A/G"
"B014","G"
"B015","A/G"
"B016","G"
"B017","G"
"B018","G"
"B019","A/G"
"B020","G"
"B021","A"
"B023","N"
"B024","A"
"B025","G"
"B026","G"
"B027","A"
"B028","A/G"
"B029","G"
"B030","A"
"B031","N"
"B032","G"
"B033","A"
"B034","G"
"B035","G"
"B036","G"
"B037","G"
"B038","G"
"B039","A/G"
"B040","A"
"B043","G"
"B044","A"
"B045","G"
"B046","G"
"B047","G"
"B048","G"
"B049","G"
"B051","G"
"B052","G"
"B053","N"
"B054","G"
"B055","G"
"B056","G"
"B057","G"
"B058","A"
"B059","A"
"B060","A"
"B061","A"
"B062","A"
"B063","G"
"B064","A"
"B065","N"
"B066","G"
"B067","A"
"B068","G"
"B069","N"
"B070","G"
"B071","G"
"B072","A/G"
"B073","A"
"B074","A"
"B075","A"
"B076","A"
"B077","G"
"B079","A"
"B081","A/G"
"B082","A"
"B083","A"
"B084","G"
"B085","N"
"B086","A"
"B087","N"
"B088","G"
"B089","A"
"B090","G"
"B091","A"
"B092","A"
"B093","G"
"B094","A"
"B095","A"
"B096","G"
"B097","A"
"B100","G"
"B101","G"
"B102","G"
"B103","G"
"B104","A"
"B105","A"
"B106","A"
"B107","A"
"B108","A"
"B109","G"
"B110","G"
"B111","G"
"B112","A"
"B113","A"
"B114","A"
"B115","A"
"B116","A"
"B117","G"
"B118","A"
"B119","A"
"B120","A"
"B121","A"
"B122","G"
"B123","G"
"B124","G"
"B125","A"
"B126","A"
"B127","A"
"B128","G"
"B129","A"
"B130","A/G"
"B131","A"
"B132","A"
"B133","N"
"B134","G"
"B135","A"
"B136","G"
"B137","A"
"B138","A"
"B139","A/G"
"B140","A"
"B141","G"
"B142","G"
"B143","G"
"B144","G"
"B145","G"
"B146","G"
"B147","G"
"B148","G"
"B149","A"
"B150","A"
"B151","G"
"B152","G"
"B153","A/G"
"B154","G"
"B155","G"
"B156","A"
"B157","A"
"B158","N"
"B159","A/G"
"B160","G"
"B161","G"
"B162","G"
"B163","A"
"B164","G"
"B165","A"
"B166","G"
"B167","G"
"B168","G"
"B169","G"
"B170","G"
"B171","G"
"B173","A"
"B176","G"
"B179","G"
"B180","G"
"B181","A"
"B182","G"
"B183","G"
"B184","G"
"B185","G"
"B187","G"
"B188","G"
"B189","G"
"B190","G"
"B191","G"
"B192","G"
"B193","G"
"B194","A/G"
"B195","G"
"B196","G"
"B197","A"
"B198","A"
"B199","G"
"B200","G"
"B201","A"
"B202","G"
"B203","A"
"B204","G"
"B205","G"
"B207","A"
"B208","A"
"B210","A"
"B212","G"
"B213","A"
"B214","G"
"B215","G"
"B216","G"
"B217","G"
"B218","G"
"B219","A"
"B221","A/G"
"B222","A"
"B223","G"
"B224","A"
"B225","G"
"B226","G"
"B227","G"
"B228","G"
"B229","A"
"B230","G"
"B231","A"
"B232","G"
"B233","G"
"B234","A"
"B235","G"
"B236","G"
"B238","G"
"B239","A"
"B240","G"
"B241","G"
"B242","A"
"B243","G"
"B244","G"
"B245","G"
"B246","A"
"B247","A/G"
"B248","A"
"B249","A"
"B250","G"
"B252","G"
"B253","A"
"B254","A"
"B255","G"
"B258","G"
"B259","A"
"B260","A"
"B261","A"
"B263","G"
"B264","A"
"B265","A"
"B266","G"
"B267","A"
"B268","A"
"B269","G"
"CX2","G"
"CX3","G"
"CX4","G"
"CX5","G"
"CX6","G"
"CX8","A"
"CX9","G"
"CX10","A"
"CX11","N"
"CX12","G"
"CX13","G"
"CX14","G"
"CX15","G"
"CX16","G"
"CX17","G"
"CX18","A"
"CX19","G"
"CX20","G"
"CX21","G"
"CX22","G"
"CX23","A"
"CX24","G"
"CX25","G"
"CX26","G"
"CX27","G"
"CX28","G"
"CX29","G"
"CX30","G"
"CX31","G"
"CX32","G"
"CX33","G"
"CX34","A"
"CX35","A"
"CX37","G"
"CX42","G"
"CX43","G"
"CX44","G"
"CX45","G"
"CX46","A"
"CX47","G"
"CX48","A"
"CX49","G"
"CX50","G"
"CX51","A"
"CX52","A"
"CX53","G"
"CX54","A"
"CX55","A"
"CX56","G"
"CX57","G"
"CX58","G"
"CX59","G"
"CX60","G"
"CX61","G"
"CX63","G"
"CX64","A"
"CX65","G"
"CX66","G"
"CX67","G"
"CX68","G"
"CX69","A/G"
"CX70","N"
"CX71","A"
"CX72","G"
"CX73","G"
"CX74","G"
"CX75","N"
"CX76","A"
"CX77","G"
"CX78","G"
"CX79","G"
"CX80","G"
"CX82","G"
"CX83","G"
"CX84","G"
"CX85","A"
"CX86","G"
"CX87","G"
"CX88","A"
"CX89","A/G"
"CX90","G"
"CX91","G"
"CX92","A"
"CX93","A/G"
"CX94","G"
"CX96","G"
"CX97","G"
"CX98","G"
"CX99","G"
"CX100","G"
"CX101","G"
"CX102","A"
"CX103","G"
"CX104","G"
"CX106","G"
"CX107","A"
"CX108","G"
"CX109","G"
"CX110","G"
"CX111","G"
"CX112","G"
"CX113","G"
"CX114","A"
"CX115","G"
"CX116","G"
"CX117","G"
"CX118","A"
"CX119","A"
"CX120","A"
"CX121","G"
"CX122","G"
"CX123","A"
"CX124","A"
"CX125","A"
"CX126","G"
"CX128","A"
"CX129","G"
"CX130","G"
"CX131","A"
"CX132","G"
"CX133","A"
"CX134","G"
"CX138","G"
"CX139","G"
"CX140","G"
"CX141","G"
"CX142","G"
"CX143","G"
"CX144","G"
"CX145","A"
"CX146","A"
"CX147","N"
"CX148","A"
"CX149","G"
"CX150","G"
"CX151","G"
"CX152","A/G"
"CX153","A"
"CX154","A"
"CX155","G"
"CX156","N"
"CX157","G"
"CX158","G"
"CX160","G"
"CX161","G"
"CX162","G"
"CX165","G"
"CX182","A"
"CX205","G"
"CX206","G"
"CX207","G"
"CX210","A"
"CX211","G"
"CX212","G"
"CX213","G"
"CX214","G"
"CX218","G"
"CX219","A"
"CX220","N"
"CX221","G"
"CX225","G"
"CX226","G"
"CX227","G"
"CX228","G"
"CX230","G"
"CX231","G"
"CX232","A/G"
"CX233","G"
"CX234","N"
"CX235","G"
"CX236","A"
"CX237","G"
"CX238","G"
"CX240","A"
"CX241","G"
"CX242","A/G"
"CX243","G"
"CX247","A/G"
"CX248","G"
"CX249","G"
"CX250","G"
"CX251","G"
"CX262","G"
"CX263","A"
"CX265","A"
"CX266","G"
"CX267","G"
"CX268","A/G"
"CX269","G"
"CX270","A/G"
"CX273","G"
"CX274","G"
"CX275","N"
"CX276","G"
"CX277","G"
"CX278","A"
"CX280","G"
"CX281","G"
"CX282","G"
"CX284","N"
"CX285","G"
"CX286","G"
"CX287","G"
"CX288","A"
"CX290","A"
"CX291","A"
"CX296","G"
"CX303","G"
"CX304","A"
"CX305","G"
"CX306","G"
"CX307","G"
"CX313","A"
"CX314","G"
"CX315","G"
"CX316","G"
"CX317","G"
"CX318","G"
"CX319","A"
"CX328","A"
"CX329","G"
"CX330","G"
"CX340","G"
"CX341","G"
"CX342","A/G"
"CX343","G"
"CX344","G"
"CX345","G"
"CX346","G"
"CX347","G"
"CX348","G"
"CX349","G"
"CX350","G"
"CX351","G"
"CX352","G"
"CX353","G"
"CX354","G"
"CX355","G"
"CX356","G"
"CX357","G"
"CX358","A/G"
"CX359","G"
"CX360","G"
"CX361","G"
"CX362","G"
"CX363","A"
"CX364","G"
"CX365","G"
"CX366","G"
"CX367","G"
"CX368","G"
"CX369","G"
"CX370","A"
"CX371","G"
"CX372","G"
"CX373","G"
"CX374","G"
"CX375","G"
"CX376","G"
"CX377","G"
"CX378","A"
"CX379","G"
"CX380","G"
"CX381","G"
"CX382","G"
"CX383","G"
"CX384","G"
"CX385","G"
"CX386","G"
"CX387","G"
"CX388","A"
"CX389","G"
"CX390","A"
"CX391","G"
"CX392","G"
"CX393","A"
"CX394","G"
"CX395","G"
"CX396","G"
"CX397","G"
"CX399","A"
"CX400","A/G"
"CX401","A/G"
"CX402","G"
"CX403","G"
"CX408","G"
"CX409","G"
"CX410","G"
"CX411","G"
"CX413","G"
"CX414","G"
"CX416","G"
"CX417","G"
"CX418","G"
"CX419","G"
"CX420","G"
"CX421","G"
"CX422","G"
"CX423","G"
"CX424","G"
"CX425","G"
"CX426","G"
"CX427","G"
"CX428","G"
"CX429","G"
"CX431","A"
"CX534","G"
"CX542","G"
"CX548","G"
"CX561","G"
"CX578","G"
"CX579","G"
"IRIS.313.7620","A"
"IRIS.313.7635","G"
"IRIS.313.7636","G"
"IRIS.313.7638","A"
"IRIS.313.7641","A"
"IRIS.313.7646","G"
"IRIS.313.7650","G"
"IRIS.313.7651","G"
"IRIS.313.7654","A"
"IRIS.313.7664","G"
"IRIS.313.7665","G"
"IRIS.313.7668","G"
"IRIS.313.7681","A"
"IRIS.313.7684","A"
"IRIS.313.7685","G"
"IRIS.313.7688","G"
"IRIS.313.7689","G"
"IRIS.313.7690","G"
"IRIS.313.7691","G"
"IRIS.313.7696","A"
"IRIS.313.7698","A"
"IRIS.313.7699","G"
"IRIS.313.7719","G"
"IRIS.313.7720","G"
"IRIS.313.7722","N"
"IRIS.313.7725","A"
"IRIS.313.7728","G"
"IRIS.313.7736","A"
"IRIS.313.7758","G"
"IRIS.313.7766","G"
"IRIS.313.7769","A"
"IRIS.313.7770","G"
"IRIS.313.7773","G"
"IRIS.313.7778","A"
"IRIS.313.7780","G"
"IRIS.313.7792","G"
"IRIS.313.7793","A"
"IRIS.313.7795","A"
"IRIS.313.7797","G"
"IRIS.313.7799","G"
"IRIS.313.7807","G"
"IRIS.313.7808","G"
"IRIS.313.7809","G"
"IRIS.313.7815","G"
"IRIS.313.7816","A"
"IRIS.313.7819","G"
"IRIS.313.7820","G"
"IRIS.313.7824","G"
"IRIS.313.7826","G"
"IRIS.313.7832","G"
"IRIS.313.7838","G"
"IRIS.313.7850","G"
"IRIS.313.7856","G"
"IRIS.313.7859","G"
"IRIS.313.7863","G"
"IRIS.313.7866","G"
"IRIS.313.7868","G"
"IRIS.313.7870","G"
"IRIS.313.7876","G"
"IRIS.313.7883","G"
"IRIS.313.7885","G"
"IRIS.313.7902","G"
"IRIS.313.7907","G"
"IRIS.313.7909","G"
"IRIS.313.7911","G"
"IRIS.313.7912","G"
"IRIS.313.7914","G"
"IRIS.313.7922","G"
"IRIS.313.7924","G"
"IRIS.313.7933","G"
"IRIS.313.7959","G"
"IRIS.313.7992","G"
"IRIS.313.7993","G"
"IRIS.313.7994","G"
"IRIS.313.8003","G"
"IRIS.313.8010","G"
"IRIS.313.8011","G"
"IRIS.313.8023","G"
"IRIS.313.8024","G"
"IRIS.313.8025","G"
"IRIS.313.8026","G"
"IRIS.313.8027","G"
"IRIS.313.8029","G"
"IRIS.313.8031","G"
"IRIS.313.8032","G"
"IRIS.313.8033","G"
"IRIS.313.8037","G"
"IRIS.313.8039","G"
"IRIS.313.8041","G"
"IRIS.313.8044","G"
"IRIS.313.8046","G"
"IRIS.313.8048","G"
"IRIS.313.8049","G"
"IRIS.313.8050","G"
"IRIS.313.8052","G"
"IRIS.313.8053","G"
"IRIS.313.8057","G"
"IRIS.313.8058","G"
"IRIS.313.8060","G"
"IRIS.313.8061","G"
"IRIS.313.8062","G"
"IRIS.313.8063","G"
"IRIS.313.8064","G"
"IRIS.313.8065","G"
"IRIS.313.8066","G"
"IRIS.313.8067","G"
"IRIS.313.8068","G"
"IRIS.313.8069","A"
"IRIS.313.8072","G"
"IRIS.313.8073","G"
"IRIS.313.8074","G"
"IRIS.313.8075","G"
"IRIS.313.8076","G"
"IRIS.313.8084","G"
"IRIS.313.8085","G"
"IRIS.313.8087","G"
"IRIS.313.8090","G"
"IRIS.313.8095","G"
"IRIS.313.8096","G"
"IRIS.313.8097","G"
"IRIS.313.8099","G"
"IRIS.313.8102","G"
"IRIS.313.8105","G"
"IRIS.313.8109","G"
"IRIS.313.8111","G"
"IRIS.313.8112","G"
"IRIS.313.8113","G"
"IRIS.313.8114","G"
"IRIS.313.8115","G"
"IRIS.313.8116","G"
"IRIS.313.8118","G"
"IRIS.313.8119","G"
"IRIS.313.8121","G"
"IRIS.313.8123","G"
"IRIS.313.8124","G"
"IRIS.313.8125","G"
"IRIS.313.8126","G"
"IRIS.313.8127","G"
"IRIS.313.8128","G"
"IRIS.313.8129","G"
"IRIS.313.8132","G"
"IRIS.313.8134","G"
"IRIS.313.8135","G"
"IRIS.313.8136","G"
"IRIS.313.8137","G"
"IRIS.313.8138","G"
"IRIS.313.8139","G"
"IRIS.313.8140","G"
"IRIS.313.8141","G"
"IRIS.313.8142","G"
"IRIS.313.8143","G"
"IRIS.313.8145","G"
"IRIS.313.8147","G"
"IRIS.313.8148","G"
"IRIS.313.8149","G"
"IRIS.313.8151","G"
"IRIS.313.8154","G"
"IRIS.313.8155","G"
"IRIS.313.8158","G"
"IRIS.313.8159","G"
"IRIS.313.8160","G"
"IRIS.313.8161","G"
"IRIS.313.8162","G"
"IRIS.313.8164","G"
"IRIS.313.8165","G"
"IRIS.313.8166","G"
"IRIS.313.8167","G"
"IRIS.313.8168","G"
"IRIS.313.8170","G"
"IRIS.313.8171","G"
"IRIS.313.8172","G"
"IRIS.313.8173","G"
"IRIS.313.8177","G"
"IRIS.313.8180","G"
"IRIS.313.8183","G"
"IRIS.313.8184","G"
"IRIS.313.8185","G"
"IRIS.313.8186","G"
"IRIS.313.8192","G"
"IRIS.313.8193","G"
"IRIS.313.8195","G"
"IRIS.313.8200","G"
"IRIS.313.8202","G"
"IRIS.313.8204","G"
"IRIS.313.8205","G"
"IRIS.313.8208","G"
"IRIS.313.8209","G"
"IRIS.313.8212","A"
"IRIS.313.8213","G"
"IRIS.313.8214","G"
"IRIS.313.8215","A"
"IRIS.313.8216","G"
"IRIS.313.8217","G"
"IRIS.313.8218","G"
"IRIS.313.8232","G"
"IRIS.313.8244","G"
"IRIS.313.8252","G"
"IRIS.313.8253","A"
"IRIS.313.8256","G"
"IRIS.313.8265","G"
"IRIS.313.8268","G"
"IRIS.313.8277","G"
"IRIS.313.8279","G"
"IRIS.313.8283","G"
"IRIS.313.8285","G"
"IRIS.313.8288","G"
"IRIS.313.8291","A"
"IRIS.313.8292","A"
"IRIS.313.8293","A"
"IRIS.313.8302","G"
"IRIS.313.8303","G"
"IRIS.313.8305","G"
"IRIS.313.8306","G"
"IRIS.313.8312","A"
"IRIS.313.8314","G"
"IRIS.313.8315","A"
"IRIS.313.8316","G"
"IRIS.313.8321","G"
"IRIS.313.8323","G"
"IRIS.313.8324","A"
"IRIS.313.8326","G"
"IRIS.313.8332","G"
"IRIS.313.8339","G"
"IRIS.313.8341","A"
"IRIS.313.8342","G"
"IRIS.313.8349","A"
"IRIS.313.8356","G"
"IRIS.313.8368","A"
"IRIS.313.8380","A"
"IRIS.313.8381","G"
"IRIS.313.8382","A"
"IRIS.313.8383","A"
"IRIS.313.8385","G"
"IRIS.313.8386","A"
"IRIS.313.8387","G"
"IRIS.313.8390","G"
"IRIS.313.8391","G"
"IRIS.313.8392","G"
"IRIS.313.8398","G"
"IRIS.313.8399","G"
"IRIS.313.8400","G"
"IRIS.313.8401","A"
"IRIS.313.8405","A"
"IRIS.313.8407","A"
"IRIS.313.8409","A"
"IRIS.313.8410","G"
"IRIS.313.8412","A"
"IRIS.313.8414","A"
"IRIS.313.8431","G"
"IRIS.313.8433","A"
"IRIS.313.8434","G"
"IRIS.313.8435","G"
"IRIS.313.8436","G"
"IRIS.313.8437","A"
"IRIS.313.8439","G"
"IRIS.313.8444","G"
"IRIS.313.8450","G"
"IRIS.313.8453","A"
"IRIS.313.8454","A"
"IRIS.313.8457","G"
"IRIS.313.8458","A"
"IRIS.313.8466","A"
"IRIS.313.8468","A"
"IRIS.313.8474","G"
"IRIS.313.8481","G"
"IRIS.313.8485","A"
"IRIS.313.8486","G"
"IRIS.313.8492","A"
"IRIS.313.8493","A"
"IRIS.313.8498","G"
"IRIS.313.8502","G"
"IRIS.313.8509","G"
"IRIS.313.8514","G"
"IRIS.313.8519","G"
"IRIS.313.8523","G"
"IRIS.313.8530","G"
"IRIS.313.8536","A"
"IRIS.313.8554","G"
"IRIS.313.8557","A"
"IRIS.313.8559","G"
"IRIS.313.8565","G"
"IRIS.313.8567","G"
"IRIS.313.8568","G"
"IRIS.313.8571","A"
"IRIS.313.8572","G"
"IRIS.313.8578","G"
"IRIS.313.8580","G"
"IRIS.313.8585","A"
"IRIS.313.8586","G"
"IRIS.313.8591","G"
"IRIS.313.8594","G"
"IRIS.313.8595","G"
"IRIS.313.8599","G"
"IRIS.313.8603","A"
"IRIS.313.8606","A"
"IRIS.313.8608","A"
"IRIS.313.8614","G"
"IRIS.313.8616","G"
"IRIS.313.8621","G"
"IRIS.313.8622","G"
"IRIS.313.8626","G"
"IRIS.313.8627","G"
"IRIS.313.8631","G"
"IRIS.313.8632","G"
"IRIS.313.8637","G"
"IRIS.313.8638","G"
"IRIS.313.8641","G"
"IRIS.313.8643","A"
"IRIS.313.8645","A"
"IRIS.313.8647","G"
"IRIS.313.8655","G"
"IRIS.313.8656","G"
"IRIS.313.8657","G"
"IRIS.313.8658","G"
"IRIS.313.8659","A"
"IRIS.313.8660","G"
"IRIS.313.8664","G"
"IRIS.313.8665","G"
"IRIS.313.8669","G"
"IRIS.313.8674","A"
"IRIS.313.8679","A"
"IRIS.313.8681","A"
"IRIS.313.8683","G"
"IRIS.313.8687","G"
"IRIS.313.8690","G"
"IRIS.313.8694","G"
"IRIS.313.8697","A"
"IRIS.313.8699","A"
"IRIS.313.8702","A"
"IRIS.313.8703","G"
"IRIS.313.8704","G"
"IRIS.313.8712","G"
"IRIS.313.8713","A"
"IRIS.313.8717","A"
"IRIS.313.8721","G"
"IRIS.313.8722","N"
"IRIS.313.8723","A"
"IRIS.313.8725","A"
"IRIS.313.8727","G"
"IRIS.313.8731","G"
"IRIS.313.8732","G"
"IRIS.313.8733","A"
"IRIS.313.8735","G"
"IRIS.313.8737","G"
"IRIS.313.8739","G"
"IRIS.313.8743","A"
"IRIS.313.8744","G"
"IRIS.313.8745","G"
"IRIS.313.8747","G"
"IRIS.313.8751","A"
"IRIS.313.8754","G"
"IRIS.313.8755","G"
"IRIS.313.8757","G"
"IRIS.313.8765","G"
"IRIS.313.8767","A"
"IRIS.313.8768","G"
"IRIS.313.8769","G"
"IRIS.313.8771","G"
"IRIS.313.8778","G"
"IRIS.313.8781","A"
"IRIS.313.8783","A/G"
"IRIS.313.8785","A"
"IRIS.313.8789","G"
"IRIS.313.8791","A"
"IRIS.313.8793","A"
"IRIS.313.8796","G"
"IRIS.313.8803","G"
"IRIS.313.8811","A"
"IRIS.313.8812","A"
"IRIS.313.8813","G"
"IRIS.313.8814","G"
"IRIS.313.8815","G"
"IRIS.313.8822","G"
"IRIS.313.8831","A"
"IRIS.313.8833","A"
"IRIS.313.8844","A"
"IRIS.313.8846","G"
"IRIS.313.8850","A"
"IRIS.313.8854","N"
"IRIS.313.8856","G"
"IRIS.313.8857","G"
"IRIS.313.8859","G"
"IRIS.313.8864","G"
"IRIS.313.8865","G"
"IRIS.313.8870","A"
"IRIS.313.8872","G"
"IRIS.313.8873","G"
"IRIS.313.8876","G"
"IRIS.313.8880","G"
"IRIS.313.8883","G"
"IRIS.313.8884","G"
"IRIS.313.8889","A"
"IRIS.313.8890","G"
"IRIS.313.8894","G"
"IRIS.313.8895","A"
"IRIS.313.8900","A"
"IRIS.313.8903","A"
"IRIS.313.8909","A"
"IRIS.313.8911","G"
"IRIS.313.8914","A"
"IRIS.313.8920","G"
"IRIS.313.8921","N"
"IRIS.313.8922","A"
"IRIS.313.8923","G"
"IRIS.313.8924","A"
"IRIS.313.8925","G"
"IRIS.313.8927","G"
"IRIS.313.8930","G"
"IRIS.313.8932","A"
"IRIS.313.8935","A/G"
"IRIS.313.8940","A"
"IRIS.313.8946","A"
"IRIS.313.8948","A"
"IRIS.313.8955","G"
"IRIS.313.8956","A"
"IRIS.313.8957","G"
"IRIS.313.8960","G"
"IRIS.313.8963","G"
"IRIS.313.8967","A/G"
"IRIS.313.8968","G"
"IRIS.313.8976","G"
"IRIS.313.8978","A"
"IRIS.313.8980","G"
"IRIS.313.8982","G"
"IRIS.313.8985","A"
"IRIS.313.8986","A"
"IRIS.313.8987","G"
"IRIS.313.8988","G"
"IRIS.313.8994","A"
"IRIS.313.8996","A"
"IRIS.313.8998","N"
"IRIS.313.8999","G"
"IRIS.313.9002","G"
"IRIS.313.9005","A"
"IRIS.313.9006","A"
"IRIS.313.9017","A"
"IRIS.313.9019","G"
"IRIS.313.9020","A"
"IRIS.313.9023","G"
"IRIS.313.9032","A"
"IRIS.313.9039","G"
"IRIS.313.9044","G"
"IRIS.313.9048","G"
"IRIS.313.9049","A"
"IRIS.313.9050","G"
"IRIS.313.9053","G"
"IRIS.313.9054","A"
"IRIS.313.9062","G"
"IRIS.313.9065","A"
"IRIS.313.9066","G"
"IRIS.313.9067","A"
"IRIS.313.9070","A"
"IRIS.313.9072","G"
"IRIS.313.9081","G"
"IRIS.313.9083","G"
"IRIS.313.9091","A"
"IRIS.313.9097","A"
"IRIS.313.9098","A"
"IRIS.313.9101","A/G"
"IRIS.313.9102","A"
"IRIS.313.9108","N"
"IRIS.313.9111","A"
"IRIS.313.9112","G"
"IRIS.313.9114","A/G"
"IRIS.313.9115","A"
"IRIS.313.9116","A"
"IRIS.313.9117","G"
"IRIS.313.9119","A"
"IRIS.313.9120","A/G"
"IRIS.313.9121","G"
"IRIS.313.9123","G"
"IRIS.313.9129","G"
"IRIS.313.9131","A"
"IRIS.313.9137","G"
"IRIS.313.9139","G"
"IRIS.313.9140","G"
"IRIS.313.9148","A"
"IRIS.313.9156","G"
"IRIS.313.9160","A"
"IRIS.313.9170","G"
"IRIS.313.9172","G"
"IRIS.313.9174","A"
"IRIS.313.9176","G"
"IRIS.313.9182","A/G"
"IRIS.313.9184","G"
"IRIS.313.9187","A"
"IRIS.313.9188","A"
"IRIS.313.9190","A/G"
"IRIS.313.9193","G"
"IRIS.313.9197","A"
"IRIS.313.9198","A"
"IRIS.313.9201","G"
"IRIS.313.9204","G"
"IRIS.313.9208","A"
"IRIS.313.9209","G"
"IRIS.313.9210","A"
"IRIS.313.9218","A"
"IRIS.313.9227","G"
"IRIS.313.9228","G"
"IRIS.313.9233","G"
"IRIS.313.9239","G"
"IRIS.313.9242","A/G"
"IRIS.313.9243","A"
"IRIS.313.9249","G"
"IRIS.313.9251","A"
"IRIS.313.9253","A"
"IRIS.313.9256","G"
"IRIS.313.9258","G"
"IRIS.313.9259","A"
"IRIS.313.9262","A"
"IRIS.313.9267","G"
"IRIS.313.9271","A"
"IRIS.313.9273","A"
"IRIS.313.9281","A/G"
"IRIS.313.9283","G"
"IRIS.313.9285","A"
"IRIS.313.9286","A"
"IRIS.313.9287","G"
"IRIS.313.9288","A"
"IRIS.313.9294","A"
"IRIS.313.9297","G"
"IRIS.313.9301","G"
"IRIS.313.9302","G"
"IRIS.313.9310","A"
"IRIS.313.9313","G"
"IRIS.313.9314","G"
"IRIS.313.9317","A"
"IRIS.313.9320","G"
"IRIS.313.9324","A"
"IRIS.313.9325","G"
"IRIS.313.9329","G"
"IRIS.313.9342","A"
"IRIS.313.9346","G"
"IRIS.313.9347","A"
"IRIS.313.9348","G"
"IRIS.313.9351","G"
"IRIS.313.9357","A"
"IRIS.313.9360","A"
"IRIS.313.9363","G"
"IRIS.313.9366","G"
"IRIS.313.9368","G"
"IRIS.313.9372","A"
"IRIS.313.9375","G"
"IRIS.313.9379","G"
"IRIS.313.9384","G"
"IRIS.313.9388","G"
"IRIS.313.9389","G"
"IRIS.313.9391","G"
"IRIS.313.9392","G"
"IRIS.313.9397","A"
"IRIS.313.9400","G"
"IRIS.313.9402","A"
"IRIS.313.9403","G"
"IRIS.313.9404","G"
"IRIS.313.9405","G"
"IRIS.313.9406","A"
"IRIS.313.9409","A"
"IRIS.313.9410","G"
"IRIS.313.9415","A"
"IRIS.313.9422","G"
"IRIS.313.9423","G"
"IRIS.313.9424","A"
"IRIS.313.9427","A"
"IRIS.313.9429","A"
"IRIS.313.9433","G"
"IRIS.313.9438","G"
"IRIS.313.9445","G"
"IRIS.313.9449","G"
"IRIS.313.9451","A/G"
"IRIS.313.9452","G"
"IRIS.313.9461","A"
"IRIS.313.9463","G"
"IRIS.313.9464","G"
"IRIS.313.9468","G"
"IRIS.313.9469","A"
"IRIS.313.9470","G"
"IRIS.313.9472","G"
"IRIS.313.9482","G"
"IRIS.313.9484","A"
"IRIS.313.9491","G"
"IRIS.313.9492","G"
"IRIS.313.9503","G"
"IRIS.313.9505","A"
"IRIS.313.9506","A/G"
"IRIS.313.9516","A"
"IRIS.313.9519","G"
"IRIS.313.9522","A"
"IRIS.313.9523","G"
"IRIS.313.9529","G"
"IRIS.313.9533","G"
"IRIS.313.9539","G"
"IRIS.313.9547","G"
"IRIS.313.9550","G"
"IRIS.313.9551","A"
"IRIS.313.9555","A"
"IRIS.313.9557","G"
"IRIS.313.9558","G"
"IRIS.313.9560","A"
"IRIS.313.9566","G"
"IRIS.313.9567","A"
"IRIS.313.9568","G"
"IRIS.313.9570","A"
"IRIS.313.9572","A"
"IRIS.313.9574","G"
"IRIS.313.9575","A"
"IRIS.313.9582","A"
"IRIS.313.9590","A"
"IRIS.313.9593","A"
"IRIS.313.9594","A"
"IRIS.313.9600","G"
"IRIS.313.9601","G"
"IRIS.313.9602","G"
"IRIS.313.9604","G"
"IRIS.313.9605","A"
"IRIS.313.9606","A"
"IRIS.313.9609","A"
"IRIS.313.9610","G"
"IRIS.313.9611","G"
"IRIS.313.9616","G"
"IRIS.313.9617","A"
"IRIS.313.9619","A"
"IRIS.313.9623","A"
"IRIS.313.9626","G"
"IRIS.313.9629","G"
"IRIS.313.9634","G"
"IRIS.313.9636","G"
"IRIS.313.9637","A/G"
"IRIS.313.9641","G"
"IRIS.313.9648","G"
"IRIS.313.9661","G"
"IRIS.313.9669","G"
"IRIS.313.9682","G"
"IRIS.313.9685","A"
"IRIS.313.9687","A"
"IRIS.313.9691","G"
"IRIS.313.9694","A"
"IRIS.313.9695","A"
"IRIS.313.9696","A"
"IRIS.313.9697","A"
"IRIS.313.9698","G"
"IRIS.313.9699","A/G"
"IRIS.313.9701","G"
"IRIS.313.9702","G"
"IRIS.313.9703","G"
"IRIS.313.9705","A"
"IRIS.313.9706","G"
"IRIS.313.9708","G"
"IRIS.313.9709","A"
"IRIS.313.9723","A"
"IRIS.313.9724","G"
"IRIS.313.9725","G"
"IRIS.313.9727","A"
"IRIS.313.9730","A"
"IRIS.313.9732","G"
"IRIS.313.9740","G"
"IRIS.313.9742","G"
"IRIS.313.9745","G"
"IRIS.313.9758","G"
"IRIS.313.9759","G"
"IRIS.313.9767","G"
"IRIS.313.9769","G"
"IRIS.313.9770","G"
"IRIS.313.9771","G"
"IRIS.313.9774","G"
"IRIS.313.9778","G"
"IRIS.313.9782","G"
"IRIS.313.9783","G"
"IRIS.313.9789","G"
"IRIS.313.9790","G"
"IRIS.313.9791","A/G"
"IRIS.313.9795","G"
"IRIS.313.9800","G"
"IRIS.313.9809","A"
"IRIS.313.9811","G"
"IRIS.313.9813","G"
"IRIS.313.9814","G"
"IRIS.313.9817","A"
"IRIS.313.9818","G"
"IRIS.313.9822","G"
"IRIS.313.9825","A/G"
"IRIS.313.9831","N"
"IRIS.313.9832","G"
"IRIS.313.9838","G"
"IRIS.313.9839","G"
"IRIS.313.9841","G"
"IRIS.313.9851","G"
"IRIS.313.9861","G"
"IRIS.313.9862","G"
"IRIS.313.9867","G"
"IRIS.313.9880","G"
"IRIS.313.9882","A"
"IRIS.313.9884","G"
"IRIS.313.9886","G"
"IRIS.313.9887","G"
"IRIS.313.9890","G"
"IRIS.313.9891","G"
"IRIS.313.9897","G"
"IRIS.313.9898","A"
"IRIS.313.9917","G"
"IRIS.313.9922","G"
"IRIS.313.9924","G"
"IRIS.313.9925","G"
"IRIS.313.9926","A"
"IRIS.313.9928","G"
"IRIS.313.9929","G"
"IRIS.313.9935","G"
"IRIS.313.9936","A"
"IRIS.313.9937","G"
"IRIS.313.9939","G"
"IRIS.313.9940","G"
"IRIS.313.9944","G"
"IRIS.313.9949","G"
"IRIS.313.9953","A"
"IRIS.313.9961","G"
"IRIS.313.9963","G"
"IRIS.313.9964","G"
"IRIS.313.9966","G"
"IRIS.313.9968","A"
"IRIS.313.9969","A"
"IRIS.313.9970","G"
"IRIS.313.9974","G"
"IRIS.313.9976","G"
"IRIS.313.9978","G"
"IRIS.313.9980","G"
"IRIS.313.9986","A"
"IRIS.313.9989","A"
"IRIS.313.9995","G"
"IRIS.313.9996","G"
"IRIS.313.10000","G"
"IRIS.313.10001","G"
"IRIS.313.10002","G"
"IRIS.313.10007","A"
"IRIS.313.10010","G"
"IRIS.313.10014","G"
"IRIS.313.10016","A"
"IRIS.313.10020","G"
"IRIS.313.10025","G"
"IRIS.313.10026","G"
"IRIS.313.10030","G"
"IRIS.313.10032","G"
"IRIS.313.10034","A"
"IRIS.313.10035","G"
"IRIS.313.10040","G"
"IRIS.313.10041","G"
"IRIS.313.10045","A"
"IRIS.313.10046","A"
"IRIS.313.10047","G"
"IRIS.313.10048","G"
"IRIS.313.10050","G"
"IRIS.313.10051","G"
"IRIS.313.10054","G"
"IRIS.313.10056","G"
"IRIS.313.10057","G"
"IRIS.313.10059","G"
"IRIS.313.10061","G"
"IRIS.313.10062","G"
"IRIS.313.10065","G"
"IRIS.313.10067","G"
"IRIS.313.10071","G"
"IRIS.313.10073","G"
"IRIS.313.10074","G"
"IRIS.313.10075","G"
"IRIS.313.10076","G"
"IRIS.313.10077","A"
"IRIS.313.10078","G"
"IRIS.313.10079","G"
"IRIS.313.10080","G"
"IRIS.313.10082","G"
"IRIS.313.10083","G"
"IRIS.313.10084","G"
"IRIS.313.10089","G"
"IRIS.313.10092","G"
"IRIS.313.10093","G"
"IRIS.313.10094","G"
"IRIS.313.10096","G"
"IRIS.313.10097","G"
"IRIS.313.10099","G"
"IRIS.313.10102","G"
"IRIS.313.10103","G"
"IRIS.313.10109","A"
"IRIS.313.10111","G"
"IRIS.313.10113","A"
"IRIS.313.10114","G"
"IRIS.313.10119","G"
"IRIS.313.10124","G"
"IRIS.313.10129","G"
"IRIS.313.10134","A"
"IRIS.313.10147","A"
"IRIS.313.10148","A"
"IRIS.313.10150","G"
"IRIS.313.10151","A"
"IRIS.313.10152","G"
"IRIS.313.10154","A"
"IRIS.313.10158","A"
"IRIS.313.10161","A"
"IRIS.313.10164","G"
"IRIS.313.10167","G"
"IRIS.313.10168","A"
"IRIS.313.10170","A"
"IRIS.313.10171","A"
"IRIS.313.10176","G"
"IRIS.313.10177","A"
"IRIS.313.10178","A"
"IRIS.313.10179","A"
"IRIS.313.10189","A"
"IRIS.313.10190","G"
"IRIS.313.10191","A"
"IRIS.313.10196","G"
"IRIS.313.10211","A"
"IRIS.313.10220","G"
"IRIS.313.10221","A"
"IRIS.313.10224","A"
"IRIS.313.10226","A"
"IRIS.313.10228","G"
"IRIS.313.10234","A"
"IRIS.313.10235","A"
"IRIS.313.10237","G"
"IRIS.313.10238","G"
"IRIS.313.10239","A"
"IRIS.313.10242","G"
"IRIS.313.10247","G"
"IRIS.313.10257","G"
"IRIS.313.10258","G"
"IRIS.313.10260","G"
"IRIS.313.10263","G"
"IRIS.313.10268","G"
"IRIS.313.10271","A"
"IRIS.313.10272","G"
"IRIS.313.10274","G"
"IRIS.313.10275","A"
"IRIS.313.10279","A"
"IRIS.313.10285","G"
"IRIS.313.10287","G"
"IRIS.313.10289","G"
"IRIS.313.10290","G"
"IRIS.313.10293","G"
"IRIS.313.10294","G"
"IRIS.313.10295","G"
"IRIS.313.10298","G"
"IRIS.313.10300","G"
"IRIS.313.10301","G"
"IRIS.313.10307","A"
"IRIS.313.10314","G"
"IRIS.313.10318","A"
"IRIS.313.10325","G"
"IRIS.313.10327","G"
"IRIS.313.10332","A"
"IRIS.313.10333","G"
"IRIS.313.10334","G"
"IRIS.313.10336","G"
"IRIS.313.10337","A"
"IRIS.313.10340","A"
"IRIS.313.10341","A"
"IRIS.313.10348","A"
"IRIS.313.10349","G"
"IRIS.313.10352","G"
"IRIS.313.10353","A"
"IRIS.313.10355","G"
"IRIS.313.10357","A"
"IRIS.313.10359","A"
"IRIS.313.10360","G"
"IRIS.313.10361","A"
"IRIS.313.10366","G"
"IRIS.313.10371","A"
"IRIS.313.10373","G"
"IRIS.313.10374","G"
"IRIS.313.10375","A"
"IRIS.313.10379","G"
"IRIS.313.10380","G"
"IRIS.313.10385","A"
"IRIS.313.10392","A"
"IRIS.313.10394","G"
"IRIS.313.10396","G"
"IRIS.313.10397","A"
"IRIS.313.10398","A"
"IRIS.313.10399","A"
"IRIS.313.10400","A"
"IRIS.313.10401","A"
"IRIS.313.10402","A"
"IRIS.313.10403","G"
"IRIS.313.10404","A"
"IRIS.313.10412","G"
"IRIS.313.10417","A"
"IRIS.313.10421","A"
"IRIS.313.10422","A"
"IRIS.313.10423","A"
"IRIS.313.10428","G"
"IRIS.313.10429","G"
"IRIS.313.10430","G"
"IRIS.313.10433","A"
"IRIS.313.10437","G"
"IRIS.313.10440","G"
"IRIS.313.10441","N"
"IRIS.313.10444","N"
"IRIS.313.10448","G"
"IRIS.313.10449","A"
"IRIS.313.10450","A"
"IRIS.313.10452","A"
"IRIS.313.10453","G"
"IRIS.313.10458","A"
"IRIS.313.10459","G"
"IRIS.313.10469","G"
"IRIS.313.10476","G"
"IRIS.313.10477","A"
"IRIS.313.10480","A"
"IRIS.313.10484","A/G"
"IRIS.313.10485","G"
"IRIS.313.10489","G"
"IRIS.313.10497","A"
"IRIS.313.10502","A"
"IRIS.313.10503","A"
"IRIS.313.10504","A"
"IRIS.313.10506","A"
"IRIS.313.10507","G"
"IRIS.313.10509","A"
"IRIS.313.10510","A"
"IRIS.313.10511","A"
"IRIS.313.10513","A"
"IRIS.313.10514","G"
"IRIS.313.10515","A"
"IRIS.313.10516","A"
"IRIS.313.10517","A"
"IRIS.313.10518","A"
"IRIS.313.10519","G"
"IRIS.313.10520","A"
"IRIS.313.10521","G"
"IRIS.313.10522","G"
"IRIS.313.10523","G"
"IRIS.313.10524","A"
"IRIS.313.10525","A"
"IRIS.313.10526","G"
"IRIS.313.10527","G"
"IRIS.313.10531","G"
"IRIS.313.10534","G"
"IRIS.313.10536","G"
"IRIS.313.10537","G"
"IRIS.313.10539","N"
"IRIS.313.10541","G"
"IRIS.313.10542","G"
"IRIS.313.10543","G"
"IRIS.313.10544","G"
"IRIS.313.10545","G"
"IRIS.313.10547","A"
"IRIS.313.10549","G"
"IRIS.313.10550","G"
"IRIS.313.10552","G"
"IRIS.313.10554","A"
"IRIS.313.10555","A"
"IRIS.313.10556","G"
"IRIS.313.10557","A"
"IRIS.313.10558","G"
"IRIS.313.10559","G"
"IRIS.313.10560","A"
"IRIS.313.10561","A"
"IRIS.313.10562","G"
"IRIS.313.10563","G"
"IRIS.313.10564","G"
"IRIS.313.10565","G"
"IRIS.313.10566","G"
"IRIS.313.10567","G"
"IRIS.313.10568","G"
"IRIS.313.10569","G"
"IRIS.313.10570","G"
"IRIS.313.10572","A/G"
"IRIS.313.10573","G"
"IRIS.313.10574","G"
"IRIS.313.10575","A"
"IRIS.313.10576","A"
"IRIS.313.10577","G"
"IRIS.313.10578","G"
"IRIS.313.10580","G"
"IRIS.313.10581","G"
"IRIS.313.10582","G"
"IRIS.313.10583","G"
"IRIS.313.10585","A"
"IRIS.313.10587","G"
"IRIS.313.10592","G"
"IRIS.313.10593","G"
"IRIS.313.10594","G"
"IRIS.313.10595","G"
"IRIS.313.10598","G"
"IRIS.313.10600","G"
"IRIS.313.10602","G"
"IRIS.313.10603","G"
"IRIS.313.10604","G"
"IRIS.313.10605","G"
"IRIS.313.10606","G"
"IRIS.313.10608","G"
"IRIS.313.10609","G"
"IRIS.313.10610","G"
"IRIS.313.10614","A"
"IRIS.313.10617","G"
"IRIS.313.10618","G"
"IRIS.313.10619","G"
"IRIS.313.10620","G"
"IRIS.313.10623","G"
"IRIS.313.10628","G"
"IRIS.313.10631","G"
"IRIS.313.10640","A"
"IRIS.313.10642","G"
"IRIS.313.10644","G"
"IRIS.313.10645","G"
"IRIS.313.10648","A"
"IRIS.313.10649","G"
"IRIS.313.10650","G"
"IRIS.313.10651","A"
"IRIS.313.10652","A"
"IRIS.313.10653","G"
"IRIS.313.10654","G"
"IRIS.313.10655","A"
"IRIS.313.10656","G"
"IRIS.313.10657","G"
"IRIS.313.10659","G"
"IRIS.313.10660","G"
"IRIS.313.10661","G"
"IRIS.313.10662","G"
"IRIS.313.10664","A"
"IRIS.313.10666","A"
"IRIS.313.10667","G"
"IRIS.313.10668","G"
"IRIS.313.10670","G"
"IRIS.313.10671","A"
"IRIS.313.10673","G"
"IRIS.313.10674","A"
"IRIS.313.10675","A"
"IRIS.313.10676","A"
"IRIS.313.10677","G"
"IRIS.313.10678","A"
"IRIS.313.10679","G"
"IRIS.313.10680","A"
"IRIS.313.10681","A"
"IRIS.313.10682","G"
"IRIS.313.10683","G"
"IRIS.313.10684","A"
"IRIS.313.10687","A"
"IRIS.313.10688","A"
"IRIS.313.10689","N"
"IRIS.313.10690","N"
"IRIS.313.10692","A"
"IRIS.313.10693","G"
"IRIS.313.10694","A"
"IRIS.313.10695","A"
"IRIS.313.10697","A"
"IRIS.313.10698","A"
"IRIS.313.10699","A"
"IRIS.313.10700","A"
"IRIS.313.10701","A"
"IRIS.313.10702","A"
"IRIS.313.10703","G"
"IRIS.313.10704","G"
"IRIS.313.10705","A/G"
"IRIS.313.10706","A"
"IRIS.313.10707","A"
"IRIS.313.10708","G"
"IRIS.313.10710","G"
"IRIS.313.10711","G"
"IRIS.313.10712","G"
"IRIS.313.10715","G"
"IRIS.313.10716","G"
"IRIS.313.10717","G"
"IRIS.313.10718","G"
"IRIS.313.10719","G"
"IRIS.313.10720","A"
"IRIS.313.10721","G"
"IRIS.313.10722","G"
"IRIS.313.10723","G"
"IRIS.313.10724","A"
"IRIS.313.10725","A"
"IRIS.313.10726","A"
"IRIS.313.10727","A"
"IRIS.313.10728","A"
"IRIS.313.10729","G"
"IRIS.313.10730","G"
"IRIS.313.10731","A"
"IRIS.313.10732","G"
"IRIS.313.10733","A"
"IRIS.313.10734","G"
"IRIS.313.10735","G"
"IRIS.313.10736","G"
"IRIS.313.10737","G"
"IRIS.313.10738","G"
"IRIS.313.10739","A/G"
"IRIS.313.10740","G"
"IRIS.313.10741","G"
"IRIS.313.10742","A"
"IRIS.313.10743","G"
"IRIS.313.10744","G"
"IRIS.313.10745","G"
"IRIS.313.10746","G"
"IRIS.313.10747","G"
"IRIS.313.10748","A"
"IRIS.313.10749","A"
"IRIS.313.10750","A"
"IRIS.313.10751","A"
"IRIS.313.10752","G"
"IRIS.313.10753","G"
"IRIS.313.10754","G"
"IRIS.313.10755","A"
"IRIS.313.10756","G"
"IRIS.313.10757","G"
"IRIS.313.10758","G"
"IRIS.313.10759","G"
"IRIS.313.10760","A"
"IRIS.313.10761","G"
"IRIS.313.10762","A"
"IRIS.313.10765","G"
"IRIS.313.10766","G"
"IRIS.313.10767","G"
"IRIS.313.10768","A"
"IRIS.313.10769","G"
"IRIS.313.10770","G"
"IRIS.313.10771","N"
"IRIS.313.10772","A"
"IRIS.313.10773","G"
"IRIS.313.10774","G"
"IRIS.313.10775","G"
"IRIS.313.10776","G"
"IRIS.313.10777","A"
"IRIS.313.10778","A"
"IRIS.313.10779","A"
"IRIS.313.10780","G"
"IRIS.313.10781","G"
"IRIS.313.10782","A"
"IRIS.313.10783","N"
"IRIS.313.10784","G"
"IRIS.313.10785","G"
"IRIS.313.10786","A"
"IRIS.313.10787","A"
"IRIS.313.10788","G"
"IRIS.313.10789","G"
"IRIS.313.10790","G"
"IRIS.313.10791","A"
"IRIS.313.10792","A"
"IRIS.313.10793","G"
"IRIS.313.10794","G"
"IRIS.313.10795","G"
"IRIS.313.10796","G"
"IRIS.313.10797","A/G"
"IRIS.313.10798","G"
"IRIS.313.10799","G"
"IRIS.313.10800","G"
"IRIS.313.10801","G"
"IRIS.313.10802","G"
"IRIS.313.10803","G"
"IRIS.313.10804","A"
"IRIS.313.10805","G"
"IRIS.313.10806","A"
"IRIS.313.10807","A"
"IRIS.313.10808","G"
"IRIS.313.10809","G"
"IRIS.313.10810","A"
"IRIS.313.10811","A"
"IRIS.313.10812","A"
"IRIS.313.10813","A"
"IRIS.313.10814","A"
"IRIS.313.10815","G"
"IRIS.313.10816","G"
"IRIS.313.10817","G"
"IRIS.313.10818","A"
"IRIS.313.10819","A"
"IRIS.313.10820","A"
"IRIS.313.10821","G"
"IRIS.313.10822","A"
"IRIS.313.10823","A"
"IRIS.313.10824","A"
"IRIS.313.10825","A/G"
"IRIS.313.10827","G"
"IRIS.313.10828","G"
"IRIS.313.10829","G"
"IRIS.313.10830","G"
"IRIS.313.10831","G"
"IRIS.313.10832","G"
"IRIS.313.10833","G"
"IRIS.313.10834","G"
"IRIS.313.10835","A"
"IRIS.313.10836","A"
"IRIS.313.10837","G"
"IRIS.313.10838","G"
"IRIS.313.10839","G"
"IRIS.313.10840","G"
"IRIS.313.10841","G"
"IRIS.313.10842","A"
"IRIS.313.10844","A"
"IRIS.313.10845","G"
"IRIS.313.10847","A"
"IRIS.313.10848","G"
"IRIS.313.10849","G"
"IRIS.313.10850","G"
"IRIS.313.10851","G"
"IRIS.313.10852","G"
"IRIS.313.10853","N"
"IRIS.313.10854","G"
"IRIS.313.10855","G"
"IRIS.313.10856","A"
"IRIS.313.10857","A"
"IRIS.313.10858","A"
"IRIS.313.10859","G"
"IRIS.313.10861","G"
"IRIS.313.10862","G"
"IRIS.313.10863","G"
"IRIS.313.10864","G"
"IRIS.313.10865","G"
"IRIS.313.10866","G"
"IRIS.313.10867","G"
"IRIS.313.10868","G"
"IRIS.313.10869","G"
"IRIS.313.10870","G"
"IRIS.313.10871","G"
"IRIS.313.10872","G"
"IRIS.313.10873","G"
"IRIS.313.10874","G"
"IRIS.313.10875","G"
"IRIS.313.10876","G"
"IRIS.313.10877","G"
"IRIS.313.10878","G"
"IRIS.313.10879","A"
"IRIS.313.10880","A"
"IRIS.313.10881","G"
"IRIS.313.10882","G"
"IRIS.313.10883","G"
"IRIS.313.10884","G"
"IRIS.313.10885","A/G"
"IRIS.313.10886","G"
"IRIS.313.10887","A"
"IRIS.313.10888","G"
"IRIS.313.10889","G"
"IRIS.313.10890","G"
"IRIS.313.10891","G"
"IRIS.313.10892","G"
"IRIS.313.10893","G"
"IRIS.313.10894","G"
"IRIS.313.10895","G"
"IRIS.313.10896","G"
"IRIS.313.10897","A"
"IRIS.313.10898","G"
"IRIS.313.10899","G"
"IRIS.313.10900","G"
"IRIS.313.10901","A"
"IRIS.313.10902","A"
"IRIS.313.10903","A"
"IRIS.313.10904","A"
"IRIS.313.10905","A"
"IRIS.313.10906","A"
"IRIS.313.10907","A"
"IRIS.313.10908","A"
"IRIS.313.10909","A"
"IRIS.313.10910","A"
"IRIS.313.10911","A"
"IRIS.313.10912","A"
"IRIS.313.10913","A"
"IRIS.313.10915","A"
"IRIS.313.10916","G"
"IRIS.313.10917","A"
"IRIS.313.10918","G"
"IRIS.313.10919","G"
"IRIS.313.10920","G"
"IRIS.313.10921","G"
"IRIS.313.10922","G"
"IRIS.313.10923","G"
"IRIS.313.10924","A"
"IRIS.313.10925","G"
"IRIS.313.10926","G"
"IRIS.313.10927","G"
"IRIS.313.10928","G"
"IRIS.313.10929","A"
"IRIS.313.10930","G"
"IRIS.313.10931","G"
"IRIS.313.10932","A"
"IRIS.313.10933","G"
"IRIS.313.10934","A"
"IRIS.313.10935","A"
"IRIS.313.10936","G"
"IRIS.313.10937","A"
"IRIS.313.10938","A"
"IRIS.313.10940","A"
"IRIS.313.10941","G"
"IRIS.313.10942","A"
"IRIS.313.10943","A"
"IRIS.313.10944","A"
"IRIS.313.10945","G"
"IRIS.313.10946","G"
"IRIS.313.10947","A/G"
"IRIS.313.10948","A/G"
"IRIS.313.10949","G"
"IRIS.313.10950","G"
"IRIS.313.10951","A"
"IRIS.313.10952","G"
"IRIS.313.10953","G"
"IRIS.313.10954","A"
"IRIS.313.10955","A"
"IRIS.313.10956","G"
"IRIS.313.10957","G"
"IRIS.313.10958","G"
"IRIS.313.10959","G"
"IRIS.313.10960","G"
"IRIS.313.10961","A"
"IRIS.313.10962","A"
"IRIS.313.10963","G"
"IRIS.313.10964","G"
"IRIS.313.10965","G"
"IRIS.313.10966","A"
"IRIS.313.10967","G"
"IRIS.313.10968","A"
"IRIS.313.10969","G"
"IRIS.313.10970","A"
"IRIS.313.10971","A"
"IRIS.313.10972","N"
"IRIS.313.10973","A"
"IRIS.313.10974","A"
"IRIS.313.10975","G"
"IRIS.313.10976","G"
"IRIS.313.10977","A"
"IRIS.313.10978","G"
"IRIS.313.10979","G"
"IRIS.313.10980","G"
"IRIS.313.10981","G"
"IRIS.313.10982","A"
"IRIS.313.10983","A"
"IRIS.313.10984","A"
"IRIS.313.10985","G"
"IRIS.313.10986","A"
"IRIS.313.10987","G"
"IRIS.313.10988","G"
"IRIS.313.10989","G"
"IRIS.313.10990","A"
"IRIS.313.10991","N"
"IRIS.313.10992","G"
"IRIS.313.10993","G"
"IRIS.313.10994","G"
"IRIS.313.10995","A"
"IRIS.313.10996","A"
"IRIS.313.10997","A"
"IRIS.313.10998","A"
"IRIS.313.10999","G"
"IRIS.313.11000","A"
"IRIS.313.11001","G"
"IRIS.313.11003","G"
"IRIS.313.11004","G"
"IRIS.313.11005","G"
"IRIS.313.11006","G"
"IRIS.313.11007","G"
"IRIS.313.11008","G"
"IRIS.313.11009","G"
"IRIS.313.11010","A"
"IRIS.313.11011","A"
"IRIS.313.11012","A"
"IRIS.313.11013","G"
"IRIS.313.11014","G"
"IRIS.313.11015","G"
"IRIS.313.11016","G"
"IRIS.313.11017","G"
"IRIS.313.11018","G"
"IRIS.313.11019","G"
"IRIS.313.11020","G"
"IRIS.313.11021","G"
"IRIS.313.11022","G"
"IRIS.313.11023","G"
"IRIS.313.11024","G"
"IRIS.313.11025","G"
"IRIS.313.11026","G"
"IRIS.313.11027","G"
"IRIS.313.11028","G"
"IRIS.313.11029","G"
"IRIS.313.11030","G"
"IRIS.313.11031","G"
"IRIS.313.11032","G"
"IRIS.313.11033","G"
"IRIS.313.11034","G"
"IRIS.313.11035","G"
"IRIS.313.11036","G"
"IRIS.313.11037","G"
"IRIS.313.11038","A"
"IRIS.313.11039","A"
"IRIS.313.11040","G"
"IRIS.313.11041","G"
"IRIS.313.11042","G"
"IRIS.313.11043","A"
"IRIS.313.11044","G"
"IRIS.313.11045","G"
"IRIS.313.11046","G"
"IRIS.313.11047","G"
"IRIS.313.11048","G"
"IRIS.313.11049","G"
"IRIS.313.11050","G"
"IRIS.313.11051","G"
"IRIS.313.11052","G"
"IRIS.313.11053","G"
"IRIS.313.11054","G"
"IRIS.313.11055","G"
"IRIS.313.11056","G"
"IRIS.313.11057","G"
"IRIS.313.11058","G"
"IRIS.313.11059","G"
"IRIS.313.11060","G"
"IRIS.313.11061","G"
"IRIS.313.11062","G"
"IRIS.313.11063","G"
"IRIS.313.11064","G"
"IRIS.313.11065","G"
"IRIS.313.11066","G"
"IRIS.313.11067","G"
"IRIS.313.11068","G"
"IRIS.313.11069","G"
"IRIS.313.11070","G"
"IRIS.313.11071","A"
"IRIS.313.11072","A"
"IRIS.313.11073","G"
"IRIS.313.11074","A"
"IRIS.313.11075","G"
"IRIS.313.11076","G"
"IRIS.313.11077","G"
"IRIS.313.11078","G"
"IRIS.313.11079","A/G"
"IRIS.313.11080","G"
"IRIS.313.11081","G"
"IRIS.313.11082","G"
"IRIS.313.11083","G"
"IRIS.313.11084","A"
"IRIS.313.11085","A"
"IRIS.313.11086","G"
"IRIS.313.11087","A"
"IRIS.313.11088","A"
"IRIS.313.11089","A"
"IRIS.313.11090","G"
"IRIS.313.11091","G"
"IRIS.313.11092","G"
"IRIS.313.11093","G"
"IRIS.313.11094","G"
"IRIS.313.11095","G"
"IRIS.313.11096","G"
"IRIS.313.11097","A"
"IRIS.313.11098","A"
"IRIS.313.11099","G"
"IRIS.313.11100","G"
"IRIS.313.11101","A"
"IRIS.313.11102","G"
"IRIS.313.11103","G"
"IRIS.313.11104","G"
"IRIS.313.11105","G"
"IRIS.313.11106","G"
"IRIS.313.11107","G"
"IRIS.313.11108","A"
"IRIS.313.11109","G"
"IRIS.313.11110","G"
"IRIS.313.11111","G"
"IRIS.313.11112","G"
"IRIS.313.11113","A"
"IRIS.313.11114","A"
"IRIS.313.11115","A"
"IRIS.313.11116","G"
"IRIS.313.11117","G"
"IRIS.313.11118","G"
"IRIS.313.11119","A"
"IRIS.313.11120","G"
"IRIS.313.11121","N"
"IRIS.313.11122","G"
"IRIS.313.11123","G"
"IRIS.313.11124","N"
"IRIS.313.11125","A"
"IRIS.313.11126","G"
"IRIS.313.11127","G"
"IRIS.313.11128","A"
"IRIS.313.11129","G"
"IRIS.313.11130","N"
"IRIS.313.11131","G"
"IRIS.313.11132","A/G"
"IRIS.313.11133","G"
"IRIS.313.11134","A"
"IRIS.313.11135","G"
"IRIS.313.11136","G"
"IRIS.313.11137","A"
"IRIS.313.11138","A"
"IRIS.313.11139","A"
"IRIS.313.11140","A"
"IRIS.313.11141","A"
"IRIS.313.11142","A"
"IRIS.313.11143","N"
"IRIS.313.11144","A"
"IRIS.313.11145","A"
"IRIS.313.11146","A"
"IRIS.313.11147","A"
"IRIS.313.11148","A"
"IRIS.313.11149","A"
"IRIS.313.11150","A"
"IRIS.313.11151","A"
"IRIS.313.11152","G"
"IRIS.313.11153","G"
"IRIS.313.11154","N"
"IRIS.313.11155","G"
"IRIS.313.11156","G"
"IRIS.313.11157","G"
"IRIS.313.11158","A"
"IRIS.313.11159","G"
"IRIS.313.11160","G"
"IRIS.313.11161","G"
"IRIS.313.11162","G"
"IRIS.313.11163","G"
"IRIS.313.11164","G"
"IRIS.313.11165","G"
"IRIS.313.11166","G"
"IRIS.313.11167","A"
"IRIS.313.11168","G"
"IRIS.313.11169","G"
"IRIS.313.11170","G"
"IRIS.313.11171","G"
"IRIS.313.11172","G"
"IRIS.313.11173","G"
"IRIS.313.11174","N"
"IRIS.313.11175","G"
"IRIS.313.11176","A/G"
"IRIS.313.11177","G"
"IRIS.313.11178","A"
"IRIS.313.11179","A"
"IRIS.313.11180","G"
"IRIS.313.11181","A/G"
"IRIS.313.11182","A"
"IRIS.313.11183","G"
"IRIS.313.11189","G"
"IRIS.313.11191","G"
"IRIS.313.11192","A"
"IRIS.313.11193","A"
"IRIS.313.11194","A"
"IRIS.313.11195","G"
"IRIS.313.11196","A"
"IRIS.313.11197","A"
"IRIS.313.11198","G"
"IRIS.313.11199","G"
"IRIS.313.11200","A"
"IRIS.313.11201","G"
"IRIS.313.11202","G"
"IRIS.313.11203","G"
"IRIS.313.11204","A/G"
"IRIS.313.11205","A"
"IRIS.313.11206","A"
"IRIS.313.11207","A"
"IRIS.313.11208","A"
"IRIS.313.11209","A"
"IRIS.313.11210","G"
"IRIS.313.11211","G"
"IRIS.313.11212","G"
"IRIS.313.11213","G"
"IRIS.313.11214","G"
"IRIS.313.11216","G"
"IRIS.313.11217","G"
"IRIS.313.11218","G"
"IRIS.313.11219","G"
"IRIS.313.11220","A"
"IRIS.313.11221","A"
"IRIS.313.11222","A"
"IRIS.313.11223","N"
"IRIS.313.11224","A"
"IRIS.313.11225","A"
"IRIS.313.11226","G"
"IRIS.313.11227","A"
"IRIS.313.11228","A/G"
"IRIS.313.11229","G"
"IRIS.313.11230","A"
"IRIS.313.11231","A"
"IRIS.313.11232","G"
"IRIS.313.11233","A"
"IRIS.313.11234","A"
"IRIS.313.11235","A"
"IRIS.313.11236","A"
"IRIS.313.11237","G"
"IRIS.313.11238","G"
"IRIS.313.11239","G"
"IRIS.313.11240","G"
"IRIS.313.11241","G"
"IRIS.313.11242","A"
"IRIS.313.11243","G"
"IRIS.313.11244","A"
"IRIS.313.11245","A"
"IRIS.313.11246","G"
"IRIS.313.11247","G"
"IRIS.313.11248","G"
"IRIS.313.11249","A/G"
"IRIS.313.11250","G"
"IRIS.313.11251","G"
"IRIS.313.11252","A"
"IRIS.313.11253","G"
"IRIS.313.11254","A"
"IRIS.313.11255","A"
"IRIS.313.11256","G"
"IRIS.313.11257","G"
"IRIS.313.11258","G"
"IRIS.313.11259","G"
"IRIS.313.11260","A"
"IRIS.313.11261","A"
"IRIS.313.11262","A"
"IRIS.313.11263","G"
"IRIS.313.11264","A"
"IRIS.313.11265","G"
"IRIS.313.11266","A"
"IRIS.313.11267","G"
"IRIS.313.11268","G"
"IRIS.313.11269","A/G"
"IRIS.313.11270","A/G"
"IRIS.313.11271","A"
"IRIS.313.11272","G"
"IRIS.313.11273","G"
"IRIS.313.11274","G"
"IRIS.313.11275","A"
"IRIS.313.11276","A"
"IRIS.313.11277","G"
"IRIS.313.11278","A"
"IRIS.313.11279","A"
"IRIS.313.11280","G"
"IRIS.313.11281","A"
"IRIS.313.11282","A"
"IRIS.313.11283","A"
"IRIS.313.11284","A/G"
"IRIS.313.11285","G"
"IRIS.313.11286","A"
"IRIS.313.11287","A"
"IRIS.313.11288","A"
"IRIS.313.11289","G"
"IRIS.313.11290","A/G"
"IRIS.313.11291","G"
"IRIS.313.11292","A"
"IRIS.313.11293","G"
"IRIS.313.11294","A"
"IRIS.313.11295","A"
"IRIS.313.11296","A"
"IRIS.313.11297","G"
"IRIS.313.11298","G"
"IRIS.313.11299","G"
"IRIS.313.11300","G"
"IRIS.313.11301","G"
"IRIS.313.11302","A"
"IRIS.313.11303","A"
"IRIS.313.11304","A"
"IRIS.313.11305","G"
"IRIS.313.11306","A"
"IRIS.313.11307","A"
"IRIS.313.11308","A"
"IRIS.313.11309","A"
"IRIS.313.11310","G"
"IRIS.313.11311","G"
"IRIS.313.11312","A"
"IRIS.313.11313","G"
"IRIS.313.11314","G"
"IRIS.313.11315","A"
"IRIS.313.11316","A"
"IRIS.313.11317","A"
"IRIS.313.11318","A"
"IRIS.313.11319","A"
"IRIS.313.11320","A"
"IRIS.313.11321","G"
"IRIS.313.11322","G"
"IRIS.313.11323","G"
"IRIS.313.11324","G"
"IRIS.313.11325","G"
"IRIS.313.11326","A"
"IRIS.313.11327","A"
"IRIS.313.11328","G"
"IRIS.313.11329","G"
"IRIS.313.11330","G"
"IRIS.313.11331","A"
"IRIS.313.11334","A"
"IRIS.313.11335","G"
"IRIS.313.11336","G"
"IRIS.313.11337","G"
"IRIS.313.11338","A"
"IRIS.313.11339","A"
"IRIS.313.11340","G"
"IRIS.313.11341","A"
"IRIS.313.11342","A"
"IRIS.313.11343","G"
"IRIS.313.11344","A"
"IRIS.313.11345","A"
"IRIS.313.11346","A"
"IRIS.313.11347","A"
"IRIS.313.11348","G"
"IRIS.313.11349","G"
"IRIS.313.11350","G"
"IRIS.313.11351","G"
"IRIS.313.11352","N"
"IRIS.313.11353","G"
"IRIS.313.11354","G"
"IRIS.313.11355","G"
"IRIS.313.11356","G"
"IRIS.313.11357","G"
"IRIS.313.11358","G"
"IRIS.313.11359","A"
"IRIS.313.11360","G"
"IRIS.313.11361","G"
"IRIS.313.11362","G"
"IRIS.313.11363","G"
"IRIS.313.11364","A"
"IRIS.313.11365","G"
"IRIS.313.11367","A"
"IRIS.313.11368","A"
"IRIS.313.11369","A"
"IRIS.313.11370","A"
"IRIS.313.11371","G"
"IRIS.313.11372","G"
"IRIS.313.11373","G"
"IRIS.313.11374","G"
"IRIS.313.11375","G"
"IRIS.313.11376","G"
"IRIS.313.11377","A"
"IRIS.313.11379","G"
"IRIS.313.11380","N"
"IRIS.313.11381","A"
"IRIS.313.11382","G"
"IRIS.313.11383","G"
"IRIS.313.11384","G"
"IRIS.313.11385","G"
"IRIS.313.11386","A"
"IRIS.313.11387","A"
"IRIS.313.11388","A"
"IRIS.313.11389","A"
"IRIS.313.11390","G"
"IRIS.313.11391","A"
"IRIS.313.11392","G"
"IRIS.313.11393","A"
"IRIS.313.11394","G"
"IRIS.313.11395","A"
"IRIS.313.11396","G"
"IRIS.313.11397","G"
"IRIS.313.11398","A"
"IRIS.313.11399","A"
"IRIS.313.11400","A"
"IRIS.313.11401","G"
"IRIS.313.11402","A"
"IRIS.313.11403","G"
"IRIS.313.11404","G"
"IRIS.313.11405","A/G"
"IRIS.313.11406","A"
"IRIS.313.11407","A"
"IRIS.313.11408","A"
"IRIS.313.11409","G"
"IRIS.313.11410","G"
"IRIS.313.11411","G"
"IRIS.313.11413","G"
"IRIS.313.11414","G"
"IRIS.313.11415","A/G"
"IRIS.313.11416","A"
"IRIS.313.11417","G"
"IRIS.313.11418","A"
"IRIS.313.11419","G"
"IRIS.313.11420","G"
"IRIS.313.11421","G"
"IRIS.313.11422","G"
"IRIS.313.11423","A"
"IRIS.313.11424","G"
"IRIS.313.11425","G"
"IRIS.313.11426","G"
"IRIS.313.11427","G"
"IRIS.313.11428","G"
"IRIS.313.11429","G"
"IRIS.313.11431","A"
"IRIS.313.11432","G"
"IRIS.313.11433","G"
"IRIS.313.11434","G"
"IRIS.313.11435","G"
"IRIS.313.11436","G"
"IRIS.313.11437","G"
"IRIS.313.11438","G"
"IRIS.313.11439","G"
"IRIS.313.11441","G"
"IRIS.313.11442","A"
"IRIS.313.11443","A"
"IRIS.313.11445","G"
"IRIS.313.11446","G"
"IRIS.313.11447","A"
"IRIS.313.11448","A"
"IRIS.313.11449","A"
"IRIS.313.11451","G"
"IRIS.313.11452","G"
"IRIS.313.11453","G"
"IRIS.313.11454","G"
"IRIS.313.11455","G"
"IRIS.313.11456","G"
"IRIS.313.11458","G"
"IRIS.313.11460","A"
"IRIS.313.11461","A/G"
"IRIS.313.11462","G"
"IRIS.313.11463","A"
"IRIS.313.11464","G"
"IRIS.313.11465","G"
"IRIS.313.11467","G"
"IRIS.313.11471","G"
"IRIS.313.11472","G"
"IRIS.313.11473","G"
"IRIS.313.11476","G"
"IRIS.313.11477","G"
"IRIS.313.11478","G"
"IRIS.313.11479","G"
"IRIS.313.11480","G"
"IRIS.313.11481","G"
"IRIS.313.11482","G"
"IRIS.313.11483","G"
"IRIS.313.11484","G"
"IRIS.313.11485","A"
"IRIS.313.11486","A/G"
"IRIS.313.11487","G"
"IRIS.313.11489","G"
"IRIS.313.11490","A"
"IRIS.313.11491","G"
"IRIS.313.11492","G"
"IRIS.313.11493","A"
"IRIS.313.11494","G"
"IRIS.313.11495","G"
"IRIS.313.11496","G"
"IRIS.313.11497","G"
"IRIS.313.11498","G"
"IRIS.313.11499","G"
"IRIS.313.11500","A"
"IRIS.313.11505","G"
"IRIS.313.11506","G"
"IRIS.313.11507","G"
"IRIS.313.11508","A"
"IRIS.313.11509","A"
"IRIS.313.11510","A"
"IRIS.313.11511","G"
"IRIS.313.11512","A"
"IRIS.313.11513","G"
"IRIS.313.11515","A"
"IRIS.313.11516","G"
"IRIS.313.11517","G"
"IRIS.313.11521","A"
"IRIS.313.11522","G"
"IRIS.313.11523","A"
"IRIS.313.11524","G"
"IRIS.313.11525","A"
"IRIS.313.11526","G"
"IRIS.313.11527","G"
"IRIS.313.11528","A"
"IRIS.313.11530","A"
"IRIS.313.11532","G"
"IRIS.313.11534","A"
"IRIS.313.11535","A/G"
"IRIS.313.11536","G"
"IRIS.313.11537","G"
"IRIS.313.11538","G"
"IRIS.313.11539","G"
"IRIS.313.11540","G"
"IRIS.313.11541","G"
"IRIS.313.11542","G"
"IRIS.313.11543","G"
"IRIS.313.11544","G"
"IRIS.313.11545","G"
"IRIS.313.11546","A"
"IRIS.313.11547","G"
"IRIS.313.11548","A"
"IRIS.313.11549","A"
"IRIS.313.11551","G"
"IRIS.313.11554","A"
"IRIS.313.11555","A"
"IRIS.313.11556","A"
"IRIS.313.11557","G"
"IRIS.313.11558","G"
"IRIS.313.11561","G"
"IRIS.313.11563","G"
"IRIS.313.11564","G"
"IRIS.313.11565","G"
"IRIS.313.11566","G"
"IRIS.313.11567","G"
"IRIS.313.11568","A"
"IRIS.313.11570","N"
"IRIS.313.11571","G"
"IRIS.313.11572","A"
"IRIS.313.11573","A"
"IRIS.313.11574","G"
"IRIS.313.11575","G"
"IRIS.313.11576","A"
"IRIS.313.11577","A"
"IRIS.313.11578","G"
"IRIS.313.11579","G"
"IRIS.313.11580","A"
"IRIS.313.11582","G"
"IRIS.313.11584","G"
"IRIS.313.11585","G"
"IRIS.313.11586","G"
"IRIS.313.11588","A"
"IRIS.313.11591","A"
"IRIS.313.11594","A"
"IRIS.313.11595","G"
"IRIS.313.11596","G"
"IRIS.313.11597","G"
"IRIS.313.11598","G"
"IRIS.313.11599","G"
"IRIS.313.11600","G"
"IRIS.313.11602","G"
"IRIS.313.11603","G"
"IRIS.313.11604","G"
"IRIS.313.11606","A"
"IRIS.313.11607","G"
"IRIS.313.11608","A"
"IRIS.313.11609","A"
"IRIS.313.11610","A"
"IRIS.313.11611","G"
"IRIS.313.11615","A"
"IRIS.313.11616","G"
"IRIS.313.11617","G"
"IRIS.313.11618","G"
"IRIS.313.11619","G"
"IRIS.313.11620","G"
"IRIS.313.11621","G"
"IRIS.313.11622","A"
"IRIS.313.11623","G"
"IRIS.313.11624","A"
"IRIS.313.11625","G"
"IRIS.313.11626","G"
"IRIS.313.11627","G"
"IRIS.313.11628","G"
"IRIS.313.11629","G"
"IRIS.313.11630","G"
"IRIS.313.11632","G"
"IRIS.313.11635","A"
"IRIS.313.11636","G"
"IRIS.313.11638","G"
"IRIS.313.11639","A"
"IRIS.313.11640","A"
"IRIS.313.11641","A"
"IRIS.313.11642","G"
"IRIS.313.11643","G"
"IRIS.313.11644","A"
"IRIS.313.11645","G"
"IRIS.313.11646","G"
"IRIS.313.11647","G"
"IRIS.313.11648","G"
"IRIS.313.11650","G"
"IRIS.313.11651","G"
"IRIS.313.11652","G"
"IRIS.313.11653","G"
"IRIS.313.11654","G"
"IRIS.313.11655","G"
"IRIS.313.11656","G"
"IRIS.313.11657","A"
"IRIS.313.11658","G"
"IRIS.313.11659","G"
"IRIS.313.11660","G"
"IRIS.313.11661","G"
"IRIS.313.11663","G"
"IRIS.313.11664","G"
"IRIS.313.11665","A"
"IRIS.313.11666","A"
"IRIS.313.11667","A"
"IRIS.313.11668","A"
"IRIS.313.11669","A"
"IRIS.313.11671","G"
"IRIS.313.11672","G"
"IRIS.313.11673","G"
"IRIS.313.11674","A"
"IRIS.313.11676","G"
"IRIS.313.11677","G"
"IRIS.313.11678","G"
"IRIS.313.11679","A"
"IRIS.313.11680","A"
"IRIS.313.11681","G"
"IRIS.313.11682","G"
"IRIS.313.11683","A"
"IRIS.313.11684","A"
"IRIS.313.11685","A"
"IRIS.313.11686","G"
"IRIS.313.11687","A"
"IRIS.313.11688","A"
"IRIS.313.11689","G"
"IRIS.313.11690","A"
"IRIS.313.11691","G"
"IRIS.313.11692","G"
"IRIS.313.11693","A"
"IRIS.313.11694","A"
"IRIS.313.11695","A"
"IRIS.313.11698","G"
"IRIS.313.11700","G"
"IRIS.313.11702","G"
"IRIS.313.11704","A"
"IRIS.313.11705","G"
"IRIS.313.11706","G"
"IRIS.313.11707","A"
"IRIS.313.11708","A"
"IRIS.313.11709","A"
"IRIS.313.11710","A"
"IRIS.313.11711","G"
"IRIS.313.11712","G"
"IRIS.313.11713","G"
"IRIS.313.11714","G"
"IRIS.313.11716","A"
"IRIS.313.11717","G"
"IRIS.313.11719","G"
"IRIS.313.11720","G"
"IRIS.313.11721","A"
"IRIS.313.11722","A"
"IRIS.313.11723","A"
"IRIS.313.11724","A"
"IRIS.313.11725","G"
"IRIS.313.11726","G"
"IRIS.313.11727","A"
"IRIS.313.11728","A"
"IRIS.313.11729","G"
"IRIS.313.11730","G"
"IRIS.313.11731","G"
"IRIS.313.11732","G"
"IRIS.313.11733","G"
"IRIS.313.11734","A"
"IRIS.313.11735","A"
"IRIS.313.11736","G"
"IRIS.313.11737","G"
"IRIS.313.11738","G"
"IRIS.313.11739","G"
"IRIS.313.11740","A"
"IRIS.313.11741","G"
"IRIS.313.11742","G"
"IRIS.313.11743","G"
"IRIS.313.11744","A"
"IRIS.313.11745","A"
"IRIS.313.11746","G"
"IRIS.313.11747","A"
"IRIS.313.11748","A"
"IRIS.313.11750","A"
"IRIS.313.11751","A"
"IRIS.313.11752","A"
"IRIS.313.11753","A"
"IRIS.313.11754","G"
"IRIS.313.11755","G"
"IRIS.313.11756","G"
"IRIS.313.11757","A"
"IRIS.313.11758","G"
"IRIS.313.11759","G"
"IRIS.313.11760","A"
"IRIS.313.11761","A"
"IRIS.313.11762","G"
"IRIS.313.11763","G"
"IRIS.313.11764","A"
"IRIS.313.11765","G"
"IRIS.313.11766","G"
"IRIS.313.11767","A"
"IRIS.313.11772","G"
"IRIS.313.11773","A"
"IRIS.313.11779","A"
"IRIS.313.11780","A"
"IRIS.313.11782","G"
"IRIS.313.11783","A"
"IRIS.313.11784","G"
"IRIS.313.11785","A"
"IRIS.313.11786","A"
"IRIS.313.11787","G"
"IRIS.313.11788","G"
"IRIS.313.11789","G"
"IRIS.313.11790","G"
"IRIS.313.11791","G"
"IRIS.313.11792","G"
"IRIS.313.11793","A"
"IRIS.313.11794","A"
"IRIS.313.11795","A"
"IRIS.313.11796","A"
"IRIS.313.11797","A"
"IRIS.313.11798","G"
"IRIS.313.11799","A"
"IRIS.313.11800","G"
"IRIS.313.11801","G"
"IRIS.313.11802","A"
"IRIS.313.11803","G"
"IRIS.313.11804","G"
"IRIS.313.11805","A"
"IRIS.313.11806","A"
"IRIS.313.11807","A"
"IRIS.313.11808","A"
"IRIS.313.11809","G"
"IRIS.313.11810","A"
"IRIS.313.11811","A"
"IRIS.313.11812","A"
"IRIS.313.11813","A"
"IRIS.313.11814","A"
"IRIS.313.11815","A"
"IRIS.313.11816","G"
"IRIS.313.11817","A/G"
"IRIS.313.11818","A"
"IRIS.313.11819","A"
"IRIS.313.11820","A"
"IRIS.313.11821","G"
"IRIS.313.11822","A"
"IRIS.313.11823","G"
"IRIS.313.11824","A"
"IRIS.313.11825","G"
"IRIS.313.11826","G"
"IRIS.313.11827","A"
"IRIS.313.11828","G"
"IRIS.313.11829","G"
"IRIS.313.11830","A"
"IRIS.313.11831","G"
"IRIS.313.11832","G"
"IRIS.313.11833","G"
"IRIS.313.11834","G"
"IRIS.313.11835","A"
"IRIS.313.11836","A"
"IRIS.313.11837","A"
"IRIS.313.11838","A"
"IRIS.313.11839","A"
"IRIS.313.11840","A"
"IRIS.313.11841","N"
"IRIS.313.11842","A"
"IRIS.313.11843","A"
"IRIS.313.11844","A"
"IRIS.313.11845","G"
"IRIS.313.11846","G"
"IRIS.313.11848","A/G"
"IRIS.313.11849","G"
"IRIS.313.11850","A"
"IRIS.313.11851","G"
"IRIS.313.11852","A"
"IRIS.313.11853","A"
"IRIS.313.11854","A"
"IRIS.313.11855","G"
"IRIS.313.11856","G"
"IRIS.313.11857","A"
"IRIS.313.11858","A"
"IRIS.313.11859","A"
"IRIS.313.11860","A"
"IRIS.313.11861","A"
"IRIS.313.11862","A"
"IRIS.313.11863","G"
"IRIS.313.11865","A"
"IRIS.313.11866","A"
"IRIS.313.11867","A"
"IRIS.313.11868","G"
"IRIS.313.11869","A"
"IRIS.313.11870","A"
"IRIS.313.11871","A"
"IRIS.313.11872","G"
"IRIS.313.11875","G"
"IRIS.313.11876","G"
"IRIS.313.11877","A"
"IRIS.313.11878","A"
"IRIS.313.11881","A"
"IRIS.313.11882","A"
"IRIS.313.11884","A"
"IRIS.313.11885","G"
"IRIS.313.11886","G"
"IRIS.313.11887","G"
"IRIS.313.11888","G"
"IRIS.313.11889","A"
"IRIS.313.11890","G"
"IRIS.313.11892","G"
"IRIS.313.11893","A"
"IRIS.313.11894","A"
"IRIS.313.11895","A"
"IRIS.313.11896","A"
"IRIS.313.11897","G"
"IRIS.313.11898","A"
"IRIS.313.11899","A"
"IRIS.313.11900","G"
"IRIS.313.11901","G"
"IRIS.313.11902","A"
"IRIS.313.11903","G"
"IRIS.313.11904","A"
"IRIS.313.11905","G"
"IRIS.313.11906","G"
"IRIS.313.11907","G"
"IRIS.313.11908","G"
"IRIS.313.11909","A"
"IRIS.313.11910","A"
"IRIS.313.11911","A"
"IRIS.313.11912","A"
"IRIS.313.11913","G"
"IRIS.313.11914","G"
"IRIS.313.11915","G"
"IRIS.313.11916","G"
"IRIS.313.11917","G"
"IRIS.313.11918","N"
"IRIS.313.11919","A"
"IRIS.313.11920","A"
"IRIS.313.11921","A"
"IRIS.313.11922","G"
"IRIS.313.11923","G"
"IRIS.313.11924","G"
"IRIS.313.11925","A"
"IRIS.313.11926","G"
"IRIS.313.11927","G"
"IRIS.313.11928","G"
"IRIS.313.11929","G"
"IRIS.313.11930","G"
"IRIS.313.11931","G"
"IRIS.313.11932","G"
"IRIS.313.11934","G"
"IRIS.313.11935","A"
"IRIS.313.11936","G"
"IRIS.313.11937","G"
"IRIS.313.11938","G"
"IRIS.313.11939","A"
"IRIS.313.11940","G"
"IRIS.313.11941","G"
"IRIS.313.11943","A"
"IRIS.313.11944","A"
"IRIS.313.11945","A"
"IRIS.313.11946","G"
"IRIS.313.11947","A"
"IRIS.313.11948","A"
"IRIS.313.11949","A"
"IRIS.313.11950","A"
"IRIS.313.11951","A"
"IRIS.313.11952","A"
"IRIS.313.11953","G"
"IRIS.313.11954","A"
"IRIS.313.11955","A"
"IRIS.313.11956","G"
"IRIS.313.11957","A"
"IRIS.313.11958","A"
"IRIS.313.11959","A"
"IRIS.313.11960","G"
"IRIS.313.11961","G"
"IRIS.313.11962","A"
"IRIS.313.11963","G"
"IRIS.313.11964","A"
"IRIS.313.11965","A"
"IRIS.313.11966","A"
"IRIS.313.11967","A"
"IRIS.313.11968","A"
"IRIS.313.11969","G"
"IRIS.313.11970","G"
"IRIS.313.11971","G"
"IRIS.313.11973","G"
"IRIS.313.11974","A"
"IRIS.313.11975","G"
"IRIS.313.11976","A"
"IRIS.313.11977","A"
"IRIS.313.11978","G"
"IRIS.313.11979","G"
"IRIS.313.11980","G"
"IRIS.313.11981","G"
"IRIS.313.11982","G"
"IRIS.313.11983","G"
"IRIS.313.11984","G"
"IRIS.313.11985","A"
"IRIS.313.11986","A"
"IRIS.313.11987","A"
"IRIS.313.11988","A"
"IRIS.313.11989","A"
"IRIS.313.11990","G"
"IRIS.313.11991","A"
"IRIS.313.11992","A"
"IRIS.313.11993","G"
"IRIS.313.11994","G"
"IRIS.313.11995","G"
"IRIS.313.11996","A"
"IRIS.313.11997","A"
"IRIS.313.11998","G"
"IRIS.313.11999","A"
"IRIS.313.12000","G"
"IRIS.313.12002","G"
"IRIS.313.12003","G"
"IRIS.313.12004","G"
"IRIS.313.12005","A"
"IRIS.313.12006","G"
"IRIS.313.12007","A"
"IRIS.313.12009","A"
"IRIS.313.12010","A"
"IRIS.313.12011","A"
"IRIS.313.12012","G"
"IRIS.313.12013","G"
"IRIS.313.12014","A"
"IRIS.313.12015","G"
"IRIS.313.12016","G"
"IRIS.313.12017","A"
"IRIS.313.12018","G"
"IRIS.313.12021","G"
"IRIS.313.12024","G"
"IRIS.313.12027","G"
"IRIS.313.12028","A"
"IRIS.313.12029","G"
"IRIS.313.12030","G"
"IRIS.313.12031","G"
"IRIS.313.12033","A"
"IRIS.313.12036","A"
"IRIS.313.12037","A/G"
"IRIS.313.12038","A"
"IRIS.313.12039","A"
"IRIS.313.12040","A"
"IRIS.313.12041","A"
"IRIS.313.12042","A"
"IRIS.313.12043","A"
"IRIS.313.12044","A"
"IRIS.313.12045","G"
"IRIS.313.12046","A"
"IRIS.313.12047","A"
"IRIS.313.12048","A"
"IRIS.313.12049","G"
"IRIS.313.12050","G"
"IRIS.313.12051","G"
"IRIS.313.12052","G"
"IRIS.313.12053","A"
"IRIS.313.12054","G"
"IRIS.313.12055","G"
"IRIS.313.12057","A"
"IRIS.313.12058","A"
"IRIS.313.12059","G"
"IRIS.313.12060","G"
"IRIS.313.12061","G"
"IRIS.313.12063","G"
"IRIS.313.12065","G"
"IRIS.313.12066","A"
"IRIS.313.12067","A"
"IRIS.313.12068","G"
"IRIS.313.12069","G"
"IRIS.313.12070","G"
"IRIS.313.12071","G"
"IRIS.313.12072","A"
"IRIS.313.12073","G"
"IRIS.313.12074","G"
"IRIS.313.12076","G"
"IRIS.313.12077","G"
"IRIS.313.12078","A"
"IRIS.313.12079","A"
"IRIS.313.12080","A"
"IRIS.313.12081","G"
"IRIS.313.12082","A"
"IRIS.313.12083","A"
"IRIS.313.12093","A"
"IRIS.313.12094","G"
"IRIS.313.12096","A"
"IRIS.313.12097","A"
"IRIS.313.12101","G"
"IRIS.313.12102","A"
"IRIS.313.12108","G"
"IRIS.313.12109","A"
"IRIS.313.12118","G"
"IRIS.313.12121","G"
"IRIS.313.12127","G"
"IRIS.313.12128","A"
"IRIS.313.12129","G"
"IRIS.313.12130","G"
"IRIS.313.12131","A"
"IRIS.313.12133","G"
"IRIS.313.12134","G"
"IRIS.313.12135","A"
"IRIS.313.12138","A"
"IRIS.313.12139","G"
"IRIS.313.12141","G"
"IRIS.313.12142","G"
"IRIS.313.12143","A"
"IRIS.313.12144","G"
"IRIS.313.12146","A"
"IRIS.313.12147","A"
"IRIS.313.12148","A"
"IRIS.313.12151","G"
"IRIS.313.12152","A"
"IRIS.313.12161","A"
"IRIS.313.12164","G"
"IRIS.313.12180","A"
"IRIS.313.12182","A"
"IRIS.313.12183","G"
"IRIS.313.12185","A"
"IRIS.313.12186","G"
"IRIS.313.12187","A"
"IRIS.313.12188","A"
"IRIS.313.12190","A"
"IRIS.313.12193","G"
"IRIS.313.12194","G"
"IRIS.313.12200","G"
"IRIS.313.12207","A"
"IRIS.313.12210","A"
"IRIS.313.12217","G"
"IRIS.313.12220","G"
"IRIS.313.12221","A"
"IRIS.313.12222","G"
"IRIS.313.12224","G"
"IRIS.313.12225","G"
"IRIS.313.12226","G"
"IRIS.313.12227","G"
"IRIS.313.12228","G"
"IRIS.313.12229","G"
"IRIS.313.12231","G"
"IRIS.313.12232","G"
"IRIS.313.12234","G"
"IRIS.313.12236","A"
"IRIS.313.12237","A"
"IRIS.313.12240","G"
"IRIS.313.12241","G"
"IRIS.313.12242","G"
"IRIS.313.12244","G"
"IRIS.313.12246","A"
"IRIS.313.12247","A"
"IRIS.313.12249","G"
"IRIS.313.12251","A"
"IRIS.313.12252","G"
"IRIS.313.12254","G"
"IRIS.313.12257","G"
"IRIS.313.12258","G"
"IRIS.313.12259","A"
"IRIS.313.12260","G"
"IRIS.313.12261","A"
"IRIS.313.12262","G"
"IRIS.313.12263","G"
"IRIS.313.12265","G"
"IRIS.313.12266","G"
"IRIS.313.12268","A"
"IRIS.313.12269","A"
"IRIS.313.12270","A"
"IRIS.313.12271","G"
"IRIS.313.12272","G"
"IRIS.313.12273","A"
"IRIS.313.12275","A"
"IRIS.313.12278","G"
"IRIS.313.12279","G"
"IRIS.313.12280","A"
"IRIS.313.12281","G"
"IRIS.313.12282","A"
"IRIS.313.12283","A"
"IRIS.313.12284","A"
"IRIS.313.12285","G"
"IRIS.313.12286","A"
"IRIS.313.12287","A"
"IRIS.313.12288","A"
"IRIS.313.12289","G"
"IRIS.313.12290","G"
"IRIS.313.12291","A"
"IRIS.313.12292","A"
"IRIS.313.12296","A"
"IRIS.313.12297","G"
"IRIS.313.12299","G"
"IRIS.313.12300","A"
"IRIS.313.12301","A"
"IRIS.313.12302","G"
"IRIS.313.12303","A"
"IRIS.313.12305","G"
"IRIS.313.12307","G"
"IRIS.313.12308","A"
"IRIS.313.12309","G"
"IRIS.313.12311","G"
"IRIS.313.12312","G"
"IRIS.313.12313","G"
"IRIS.313.12319","G"
"IRIS.313.12321","G"
"IRIS.313.12322","G"
"IRIS.313.12323","G"
"IRIS.313.12324","G"
"IRIS.313.12325","A"
"IRIS.313.12329","G"
"IRIS.313.12330","G"
"IRIS.313.12332","G"
"IRIS.313.12334","N"
"IRIS.313.12336","G"
"IRIS.313.12337","G"
"IRIS.313.12340","G"
"IRIS.313.12341","G"
"IRIS.313.12342","G"
"IRIS.313.12344","G"
"IRIS.313.12345","G"
"IRIS.313.12346","G"
"IRIS.313.12347","G"
"IRIS.313.12348","G"
"IRIS.313.12349","G"
"IRIS.313.12350","G"
"IRIS.313.12351","G"
"IRIS.313.12352","G"
"IRIS.313.12353","G"
"IRIS.313.12354","G"
"IRIS.313.12355","G"
"IRIS.313.15896","A"
"IRIS.313.15897","A"
"IRIS.313.15898","A"
"IRIS.313.15899","A"
"IRIS.313.15900","G"
"IRIS.313.15901","G"
"IRIS.313.15902","G"
"IRIS.313.15903","A"
"IRIS.313.15904","G"
"IRIS.313.15905","G"
"IRIS.313.15906","G"
"IRIS.313.15907","G"
"IRIS.313.15908","G"
"IRIS.313.15909","G"
"IRIS.313.15910","G"
